"","dprime","acc","sub_names","metadprime","file"
"1",1.58124120428424,0.774,1,1.69421745583668,"data_Bang_2019_Exp1.csv"
"2",1.53109359276187,0.76678445229682,2,2.63066579679596,"data_Bang_2019_Exp1.csv"
"3",1.51284357113326,0.774851316907392,3,2.15091192964556,"data_Bang_2019_Exp1.csv"
"4",1.58582840788883,0.782206006174572,4,1.82888730590548,"data_Bang_2019_Exp1.csv"
"5",1.75162814621961,0.788001153735218,5,2.24614761532004,"data_Bang_2019_Exp1.csv"
"6",1.6762241110719,0.784995688416212,6,1.91609640417581,"data_Bang_2019_Exp1.csv"
"7",1.66184258954555,0.78567268491555,7,1.57367779401313,"data_Bang_2019_Exp1.csv"
"8",1.66963743929564,0.791240045506257,8,2.21954390627367,"data_Bang_2019_Exp1.csv"
"9",1.62272727997176,0.78323619206217,9,2.11924658603797,"data_Bang_2019_Exp1.csv"
"10",1.60092495695212,0.775176304654443,10,1.85992534170343,"data_Bang_2019_Exp1.csv"
"11",1.61304165327664,0.789037967456466,11,2.17739391555741,"data_Bang_2019_Exp1.csv"
"12",1.75334600824594,0.782307265668331,12,2.02381874170085,"data_Bang_2019_Exp1.csv"
"13",0.762346362522089,0.62,1,1.16620028818879,"data_Bang_2019_Exp2.csv"
"14",2.28449053619101,0.875,2,0.858394799604718,"data_Bang_2019_Exp2.csv"
"15",1.56245968720679,0.79,3,2.07048619787464,"data_Bang_2019_Exp2.csv"
"16",0.941895237448023,0.695,4,1.38444867378007,"data_Bang_2019_Exp2.csv"
"17",0.151156977685336,0.53,5,0.29638855406191,"data_Bang_2019_Exp2.csv"
"18",0.682526935363065,0.655,6,0.577443358876043,"data_Bang_2019_Exp2.csv"
"19",1.65643764000016,0.75,7,0.659117532428714,"data_Bang_2019_Exp2.csv"
"20",2.24060339870067,0.875,8,1.68929361563014,"data_Bang_2019_Exp2.csv"
"21",0.802618853516973,0.63,9,0.0800432902913612,"data_Bang_2019_Exp2.csv"
"22",0.658961397706389,0.645,10,0.692135124551735,"data_Bang_2019_Exp2.csv"
"23",1.83952002863539,0.875,11,1.6169586037612,"data_Bang_2019_Exp2.csv"
"24",0.928346726589184,0.675,12,0.519895750033083,"data_Bang_2019_Exp2.csv"
"25",1.64523806024422,0.785,13,0.892452058412336,"data_Bang_2019_Exp2.csv"
"26",2.04194198093901,0.785,14,1.48968455343015,"data_Bang_2019_Exp2.csv"
"27",1.98279863697424,0.865,15,1.29739757128711,"data_Bang_2019_Exp2.csv"
"28",0.521096881386139,0.605,16,0.204086334263721,"data_Bang_2019_Exp2.csv"
"29",0.845283993909169,0.675,17,1.09026412374451,"data_Bang_2019_Exp2.csv"
"30",0.697841355921876,0.595,18,0.365406019887391,"data_Bang_2019_Exp2.csv"
"31",1.2305674571524,0.75,19,1.08547348878445,"data_Bang_2019_Exp2.csv"
"32",1.48548062687226,0.77,20,2.0083332975204,"data_Bang_2019_Exp2.csv"
"33",1.37544353100183,0.765,21,0.850135096660006,"data_Bang_2019_Exp2.csv"
"34",1.0593720002089,0.695,22,1.0248541449895,"data_Bang_2019_Exp2.csv"
"35",1.77741824311531,0.805,23,1.97913416418228,"data_Bang_2019_Exp2.csv"
"36",0.473724279520972,0.605,24,0.475116785073127,"data_Bang_2019_Exp2.csv"
"37",1.17137145463481,0.715,25,1.2622501676798,"data_Bang_2019_Exp2.csv"
"38",2.1382229251102,0.82,26,1.55825319591961,"data_Bang_2019_Exp2.csv"
"39",0.238264244086823,0.545,27,0.392998442070779,"data_Bang_2019_Exp2.csv"
"40",2.38338493187258,0.875,28,1.93809745347935,"data_Bang_2019_Exp2.csv"
"41",0.706485207009306,0.66,29,0.894821156396128,"data_Bang_2019_Exp2.csv"
"42",0.670923827654707,0.625,30,1.12406081868028,"data_Bang_2019_Exp2.csv"
"43",1.41115183090531,0.76,31,1.47155274455781,"data_Bang_2019_Exp2.csv"
"44",1.24922248413926,0.705,32,0.953987170643512,"data_Bang_2019_Exp2.csv"
"45",0.773004187927437,0.665,33,1.5494529556986,"data_Bang_2019_Exp2.csv"
"46",2.24971127672169,0.86,34,1.59557043490977,"data_Bang_2019_Exp2.csv"
"47",2.37434802576067,0.915,35,1.95948255814235,"data_Bang_2019_Exp2.csv"
"48",1.01938090053268,0.685,36,0.859576055261325,"data_Bang_2019_Exp2.csv"
"49",1.69121089715928,0.78,37,0.603856934585214,"data_Bang_2019_Exp2.csv"
"50",1.94790787797446,0.835,38,2.08698485453953,"data_Bang_2019_Exp2.csv"
"51",2.17581733334668,0.855,39,1.6465343360589,"data_Bang_2019_Exp2.csv"
"52",0.964932226537699,0.68,40,1.49372866629863,"data_Bang_2019_Exp2.csv"
"53",-0.119457654706337,0.475,41,-0.503894539168839,"data_Bang_2019_Exp2.csv"
"54",0.790551680624691,0.67,42,0.37316442033705,"data_Bang_2019_Exp2.csv"
"55",1.85507430574844,0.83,43,1.73575239646853,"data_Bang_2019_Exp2.csv"
"56",2.57176707503246,0.865,44,0.872979742685546,"data_Bang_2019_Exp2.csv"
"57",1.59392190095331,0.795,45,0.566667771908523,"data_Bang_2019_Exp2.csv"
"58",1.47683366442741,0.77,46,0.854712295071312,"data_Bang_2019_Exp2.csv"
"59",1.98361926465662,0.89,47,1.12469648737074,"data_Bang_2019_Exp2.csv"
"60",3.00028194814343,0.92,48,1.6393299488538,"data_Bang_2019_Exp2.csv"
"61",2.56295078919314,0.92,49,2.65500136913272,"data_Bang_2019_Exp2.csv"
"62",3.07831389683984,0.925,50,2.16353267400615,"data_Bang_2019_Exp2.csv"
"63",2.25219387329297,0.885,51,1.03557533169124,"data_Bang_2019_Exp2.csv"
"64",3.1265448293811,0.985,52,1.64983812411105,"data_Bang_2019_Exp2.csv"
"65",1.91227927213915,0.865,53,1.28501211331233,"data_Bang_2019_Exp2.csv"
"66",1.64828800997287,0.885,54,1.69990545297113,"data_Bang_2019_Exp2.csv"
"67",1.00370231909509,0.71,55,1.229665920372,"data_Bang_2019_Exp2.csv"
"68",1.74819279637342,0.795,56,1.12368632470953,"data_Bang_2019_Exp2.csv"
"69",2.81058096744691,0.915,57,2.25678584259105,"data_Bang_2019_Exp2.csv"
"70",2.22848333257188,0.88,58,1.87196989582761,"data_Bang_2019_Exp2.csv"
"71",2.63774665443566,0.85,59,1.62803676302752,"data_Bang_2019_Exp2.csv"
"72",2.18528635992537,0.96,60,1.77196304605489,"data_Bang_2019_Exp2.csv"
"73",1.63009839142746,0.805,61,1.87538631505546,"data_Bang_2019_Exp2.csv"
"74",2.09402383181194,0.87,62,1.86689299781019,"data_Bang_2019_Exp2.csv"
"75",1.15169988962515,0.73,63,0.679620383262245,"data_Bang_2019_Exp2.csv"
"76",2.45179460765587,0.935,64,1.56053912351617,"data_Bang_2019_Exp2.csv"
"77",1.79206182736264,0.825,65,1.63250774157164,"data_Bang_2019_Exp2.csv"
"78",0.479592131928263,0.595,66,-0.158774022073008,"data_Bang_2019_Exp2.csv"
"79",1.88046982910972,0.81,67,1.43663124594772,"data_Bang_2019_Exp2.csv"
"80",2.42690142559707,0.87,68,0.717940902456631,"data_Bang_2019_Exp2.csv"
"81",1.93446411689587,0.845,69,1.22015697725871,"data_Bang_2019_Exp2.csv"
"82",1.6152071339879,0.855,70,1.2676156144719,"data_Bang_2019_Exp2.csv"
"83",1.702981246344,0.82,71,1.32948983646136,"data_Bang_2019_Exp2.csv"
"84",1.1198554879775,0.675,72,1.75774382562679,"data_Bang_2019_Exp2.csv"
"85",1.36488008287154,0.715,73,1.30956993693141,"data_Bang_2019_Exp2.csv"
"86",1.57500187849027,0.84,74,0.574302745743176,"data_Bang_2019_Exp2.csv"
"87",1.31079809568231,0.76,75,1.17489028527601,"data_Bang_2019_Exp2.csv"
"88",1.16353404691791,0.73,76,2.25170764628992,"data_Bang_2019_Exp2.csv"
"89",0.250601427187025,0.565,77,1.29546805024824,"data_Bang_2019_Exp2.csv"
"90",1.08654517879281,0.725,78,1.25514738094662,"data_Bang_2019_Exp2.csv"
"91",1.94934976322465,0.825,79,1.47610270962662,"data_Bang_2019_Exp2.csv"
"92",2.43331417974466,0.905,80,1.10915958254403,"data_Bang_2019_Exp2.csv"
"93",2.60192120797697,0.905,81,2.0489058036298,"data_Bang_2019_Exp2.csv"
"94",2.11725044551622,0.93,82,2.45364024377971,"data_Bang_2019_Exp2.csv"
"95",2.1385809600902,0.86,83,1.71411276092351,"data_Bang_2019_Exp2.csv"
"96",1.51154709471694,0.77,84,1.30068371188958,"data_Bang_2019_Exp2.csv"
"97",1.45729380446627,0.755,85,1.65083027945363,"data_Bang_2019_Exp2.csv"
"98",1.40558104157558,0.76,86,0.694060002624644,"data_Bang_2019_Exp2.csv"
"99",1.69466700155399,0.805,87,2.31918437669547,"data_Bang_2019_Exp2.csv"
"100",1.00001424840379,0.7,88,0.957151368474669,"data_Bang_2019_Exp2.csv"
"101",1.42728535700237,0.765,89,1.3981201017209,"data_Bang_2019_Exp2.csv"
"102",0.622814780059083,0.615,90,0.987782671996004,"data_Bang_2019_Exp2.csv"
"103",1.9645005394067,0.865,91,1.5647680639306,"data_Bang_2019_Exp2.csv"
"104",1.2979447443158,0.765,92,0.506636925316826,"data_Bang_2019_Exp2.csv"
"105",2.16981233960618,0.89,93,2.18135253133863,"data_Bang_2019_Exp2.csv"
"106",1.49355795573941,0.74,94,1.27461083518255,"data_Bang_2019_Exp2.csv"
"107",1.73123841160424,0.83,95,1.24396273829327,"data_Bang_2019_Exp2.csv"
"108",0.693816714225306,0.62,96,0.663303114385571,"data_Bang_2019_Exp2.csv"
"109",2.2823762538741,0.855,97,0.534371339882999,"data_Bang_2019_Exp2.csv"
"110",1.59565780131701,0.845,98,1.22620596770013,"data_Bang_2019_Exp2.csv"
"111",1.72364759421126,0.835,99,1.39039362138987,"data_Bang_2019_Exp2.csv"
"112",1.11657195302832,0.735,100,1.60409878270233,"data_Bang_2019_Exp2.csv"
"113",0.872482001824934,0.685,101,0.579997806388307,"data_Bang_2019_Exp2.csv"
"114",1.39189092432428,0.77,102,1.19131081003543,"data_Bang_2019_Exp2.csv"
"115",1.06243051268282,0.68,103,0.410501001460728,"data_Bang_2019_Exp2.csv"
"116",1.40749709295748,0.76,104,-0.268895325781556,"data_Bang_2019_Exp2.csv"
"117",1.65241509606069,0.8,105,1.16187762345978,"data_Bang_2019_Exp2.csv"
"118",1.21195619371826,0.725,106,1.27890729057218,"data_Bang_2019_Exp2.csv"
"119",1.2690472258294,0.725,107,1.5656692513857,"data_Bang_2019_Exp2.csv"
"120",1.89627546866692,0.875,108,1.49465780500799,"data_Bang_2019_Exp2.csv"
"121",1.49533905730617,0.785,109,0.927787569673352,"data_Bang_2019_Exp2.csv"
"122",2.32625073927679,0.89,110,1.8158212179701,"data_Bang_2019_Exp2.csv"
"123",1.4315226100991,0.8,111,1.6610848159212,"data_Bang_2019_Exp2.csv"
"124",1.02992187158382,0.74,112,0.886963047651064,"data_Bang_2019_Exp2.csv"
"125",1.35639287597577,0.78,113,1.6871787876554,"data_Bang_2019_Exp2.csv"
"126",1.94293214451628,0.83,114,2.20806124048533,"data_Bang_2019_Exp2.csv"
"127",1.79803446936945,0.8,115,0.873833522772111,"data_Bang_2019_Exp2.csv"
"128",1.04212041349969,0.69,116,0.59051557896539,"data_Bang_2019_Exp2.csv"
"129",1.71356511063777,0.82,117,1.73843618722445,"data_Bang_2019_Exp2.csv"
"130",1.43871828329423,0.74,118,1.55631815265951,"data_Bang_2019_Exp2.csv"
"131",2.74334429280048,0.915,119,1.17468943303168,"data_Bang_2019_Exp2.csv"
"132",2.23676568360044,0.905,120,2.21644351822784,"data_Bang_2019_Exp2.csv"
"133",1.21424151753525,0.76,121,0.182888293919877,"data_Bang_2019_Exp2.csv"
"134",0.517619234095136,0.61,122,0.84446826979814,"data_Bang_2019_Exp2.csv"
"135",0.140394945242425,0.53,123,1.00288710917292,"data_Bang_2019_Exp2.csv"
"136",0.965517753630366,0.685,124,1.07595912808005,"data_Bang_2019_Exp2.csv"
"137",1.95312617591498,0.87,125,1.14062019002493,"data_Bang_2019_Exp2.csv"
"138",0.993867536060647,0.72,126,0.134392133048898,"data_Bang_2019_Exp2.csv"
"139",0.241293493313474,0.59,127,-0.0615585057927042,"data_Bang_2019_Exp2.csv"
"140",1.3698136867275,0.78,128,1.65241981035994,"data_Bang_2019_Exp2.csv"
"141",1.33832908077131,0.735,129,1.59359202271761,"data_Bang_2019_Exp2.csv"
"142",1.89404894492988,0.84,130,1.42879676684601,"data_Bang_2019_Exp2.csv"
"143",0.825303166988805,0.69,131,1.11312654332105,"data_Bang_2019_Exp2.csv"
"144",0.912601725393914,0.64,132,0.0118729393403107,"data_Bang_2019_Exp2.csv"
"145",1.67030997415749,0.785,133,0.911512099963233,"data_Bang_2019_Exp2.csv"
"146",1.52480657060617,0.765,134,1.34243287053129,"data_Bang_2019_Exp2.csv"
"147",1.92814602765609,0.845,135,1.76593877929705,"data_Bang_2019_Exp2.csv"
"148",0.80376012590974,0.675,136,0.701214347030936,"data_Bang_2019_Exp2.csv"
"149",0.413867671652497,0.585,137,-0.144657165662515,"data_Bang_2019_Exp2.csv"
"150",1.67356977782013,0.77,138,0.969194761881924,"data_Bang_2019_Exp2.csv"
"151",0.0438464608637802,0.51,139,0.894774899223598,"data_Bang_2019_Exp2.csv"
"152",0.855919764865615,0.69,140,1.13011312672127,"data_Bang_2019_Exp2.csv"
"153",1.02314829896276,0.75,141,0.866446663712019,"data_Bang_2019_Exp2.csv"
"154",1.66192521667905,0.76,142,0.199254446425991,"data_Bang_2019_Exp2.csv"
"155",0.430548683194736,0.58,143,0.58540408981412,"data_Bang_2019_Exp2.csv"
"156",1.3117514456727,0.725,144,1.29983030635312,"data_Bang_2019_Exp2.csv"
"157",1.54326498767086,0.77,145,1.55945278624011,"data_Bang_2019_Exp2.csv"
"158",1.83692124200924,0.85,146,2.55852186649497,"data_Bang_2019_Exp2.csv"
"159",1.38577739576332,0.8,147,1.25619874677925,"data_Bang_2019_Exp2.csv"
"160",0.435356590368002,0.56,148,1.40536712377585,"data_Bang_2019_Exp2.csv"
"161",1.99181234017179,0.84,149,1.24639542149648,"data_Bang_2019_Exp2.csv"
"162",0.885715205758181,0.675,150,-0.122042126385445,"data_Bang_2019_Exp2.csv"
"163",1.97246776641427,0.865,151,0.612359537457311,"data_Bang_2019_Exp2.csv"
"164",1.2483595833327,0.745,152,0.538590353635064,"data_Bang_2019_Exp2.csv"
"165",1.32390578260986,0.765,153,0.296471268476465,"data_Bang_2019_Exp2.csv"
"166",1.4499104027116,0.77,154,1.59939795655402,"data_Bang_2019_Exp2.csv"
"167",0.74436742155081,0.655,155,0.557934849779563,"data_Bang_2019_Exp2.csv"
"168",1.05036037111068,0.73,156,0.783246669566924,"data_Bang_2019_Exp2.csv"
"169",1.20523115599374,0.73,157,0.876456111621003,"data_Bang_2019_Exp2.csv"
"170",1.3586615200635,0.765,158,0.816514996024931,"data_Bang_2019_Exp2.csv"
"171",1.06024889774126,0.7,159,0.66948692480397,"data_Bang_2019_Exp2.csv"
"172",1.17789438676969,0.785,160,0.847995661694393,"data_Bang_2019_Exp2.csv"
"173",1.78018978222132,0.855,161,1.62514195410087,"data_Bang_2019_Exp2.csv"
"174",1.77294681461714,0.87,162,0.639653648330795,"data_Bang_2019_Exp2.csv"
"175",1.32363664213305,0.7,163,1.10279999060077,"data_Bang_2019_Exp2.csv"
"176",0.29207118899191,0.55,164,0.158599983882842,"data_Bang_2019_Exp2.csv"
"177",1.62427831140282,0.845,165,2.0027878503807,"data_Bang_2019_Exp2.csv"
"178",0.400654427291899,0.57,166,0.0711938268686814,"data_Bang_2019_Exp2.csv"
"179",0.461556788824322,0.595,167,0.719946377196459,"data_Bang_2019_Exp2.csv"
"180",1.22573753650522,0.72,168,1.2729476606889,"data_Bang_2019_Exp2.csv"
"181",0.933323728491638,0.705,169,1.27719157754189,"data_Bang_2019_Exp2.csv"
"182",1.2622507552027,0.74,170,0.0800813354248269,"data_Bang_2019_Exp2.csv"
"183",0.207685837041975,0.52,171,0.155232104068596,"data_Bang_2019_Exp2.csv"
"184",1.39837681629962,0.795,172,1.25018096983957,"data_Bang_2019_Exp2.csv"
"185",0.318210190240261,0.54,173,-0.0475224228020263,"data_Bang_2019_Exp2.csv"
"186",0.647587286101296,0.63,174,0.548194484500931,"data_Bang_2019_Exp2.csv"
"187",1.39451154577988,0.775,175,0.8023431908297,"data_Bang_2019_Exp2.csv"
"188",0.842533111680974,0.665,176,0.816465169928006,"data_Bang_2019_Exp2.csv"
"189",1.19220935849182,0.75,177,1.50322594943618,"data_Bang_2019_Exp2.csv"
"190",1.41728349252153,0.83,178,1.53758593253188,"data_Bang_2019_Exp2.csv"
"191",0.0609125500337909,0.51,179,0.0699078206077745,"data_Bang_2019_Exp2.csv"
"192",-0.125100972472045,0.475,180,-0.290901663499366,"data_Bang_2019_Exp2.csv"
"193",-0.0691370358390313,0.485,181,-0.0540168312634625,"data_Bang_2019_Exp2.csv"
"194",-0.201644583514105,0.465,182,-0.0433042420130064,"data_Bang_2019_Exp2.csv"
"195",0.214603804266555,0.545,183,0.192213447320576,"data_Bang_2019_Exp2.csv"
"196",-0.0329450923175384,0.49,184,-0.19427018846601,"data_Bang_2019_Exp2.csv"
"197",-0.0372388613749399,0.495,185,0.0649701954345171,"data_Bang_2019_Exp2.csv"
"198",-0.130948312051207,0.475,186,-0.517022053716967,"data_Bang_2019_Exp2.csv"
"199",-0.141983390341863,0.465,187,-0.181139229390846,"data_Bang_2019_Exp2.csv"
"200",-0.00172694476899258,0.485,188,-0.546258441188094,"data_Bang_2019_Exp2.csv"
"201",-0.242070825559075,0.455,189,0.258595512464576,"data_Bang_2019_Exp2.csv"
"202",-0.11621473333463,0.485,190,-0.451554682684185,"data_Bang_2019_Exp2.csv"
"203",-0.116064883053488,0.45,191,-0.0700608318023449,"data_Bang_2019_Exp2.csv"
"204",-0.06373399532241,0.51,192,-0.111240796599042,"data_Bang_2019_Exp2.csv"
"205",-0.0439492808367407,0.49,193,0.0859621334313737,"data_Bang_2019_Exp2.csv"
"206",0.0955159183088531,0.455,194,-0.400714504888081,"data_Bang_2019_Exp2.csv"
"207",-0.274860071859483,0.435,195,0.0561650890595059,"data_Bang_2019_Exp2.csv"
"208",0.136177912034524,0.525,196,0.29101445857867,"data_Bang_2019_Exp2.csv"
"209",-0.0213314391123166,0.53,197,0.0688995922548364,"data_Bang_2019_Exp2.csv"
"210",-0.038974260664839,0.48,198,0.314479910905972,"data_Bang_2019_Exp2.csv"
"211",0.119518686639514,0.525,199,0.0818925766596075,"data_Bang_2019_Exp2.csv"
"212",-0.0276689730691143,0.5,200,0.301960223214396,"data_Bang_2019_Exp2.csv"
"213",-0.371328972372707,0.415,201,-0.320038028433334,"data_Bang_2019_Exp2.csv"
"214",1.54223939002877,0.813218390804598,1,1.60850141153444,"data_Gajdos_2019.csv"
"215",1.35305990134698,0.754772393538913,2,1.34347923828216,"data_Gajdos_2019.csv"
"216",2.71317625220873,0.958512160228898,3,3.29622492780143,"data_Gajdos_2019.csv"
"217",1.06879614073203,0.709585121602289,4,0.782151892116003,"data_Gajdos_2019.csv"
"218",0.861827892577995,0.680057388809182,5,0.969233100552223,"data_Gajdos_2019.csv"
"219",1.33062751621833,0.739705882352941,6,1.23282409850418,"data_Gajdos_2019.csv"
"220",2.1672166275885,0.93974175035868,7,2.73502097733702,"data_Gajdos_2019.csv"
"221",2.36052625077138,0.839771101573677,9,2.15380258111387,"data_Gajdos_2019.csv"
"222",1.70234816052093,0.806259314456036,10,2.04419586216729,"data_Gajdos_2019.csv"
"223",2.43017628631271,0.832618025751073,11,4.12933579937731,"data_Gajdos_2019.csv"
"224",2.19389498023354,0.847701149425287,12,2.0595640903872,"data_Gajdos_2019.csv"
"225",1.48643078385648,0.729226361031519,13,1.40563168474717,"data_Gajdos_2019.csv"
"226",0.487745449166652,0.599131693198263,14,0.526533634658882,"data_Gajdos_2019.csv"
"227",1.07958130768567,0.710374639769452,15,1.84791858170774,"data_Gajdos_2019.csv"
"228",0.67238812648609,0.636623748211731,16,0.905395268115682,"data_Gajdos_2019.csv"
"229",0.247705032560565,0.547033285094067,8,0.732631911278179,"data_Gajdos_2019.csv"
"230",1.37173843383978,0.713876967095851,17,2.37868806171187,"data_Gajdos_2019.csv"
"231",1.58899303738123,0.781791907514451,18,1.52376760545767,"data_Gajdos_2019.csv"
"232",1.66460746319834,0.771386430678466,19,1.5122774160812,"data_Gajdos_2019.csv"
"233",0.948521568274662,0.680473372781065,20,0.684828702623364,"data_Gajdos_2019.csv"
"234",3.36178487073672,0.962804005722461,21,3.08115080128665,"data_Gajdos_2019.csv"
"235",2.44069696797366,0.862266857962697,22,2.79839777300308,"data_Gajdos_2019.csv"
"236",2.05137896988439,0.86875,1,1.88206324832483,"data_Haddara_unpub.csv"
"237",0.185910246579362,0.5375,2,0.450399325721432,"data_Haddara_unpub.csv"
"238",1.9725000361573,0.895833333333333,3,1.20411064337072,"data_Haddara_unpub.csv"
"239",1.11349180521327,0.708333333333333,4,0.697567650216783,"data_Haddara_unpub.csv"
"240",0.821714564934774,0.645833333333333,5,0.588758247587751,"data_Haddara_unpub.csv"
"241",1.52484706739238,0.802083333333333,6,0.15615082793803,"data_Haddara_unpub.csv"
"242",1.528635069622,0.8125,7,0.123521035621175,"data_Haddara_unpub.csv"
"243",1.33619779482687,0.75625,8,0.190478777754869,"data_Haddara_unpub.csv"
"244",1.87574275341261,0.814583333333333,9,1.14061089484906,"data_Haddara_unpub.csv"
"245",1.51828685580186,0.764583333333333,10,0.180598246921593,"data_Haddara_unpub.csv"
"246",0.719244804464803,0.652083333333333,11,0.991199008271468,"data_Haddara_unpub.csv"
"247",0.650322772746055,0.63125,12,0.760437933079197,"data_Haddara_unpub.csv"
"248",2.27527072762546,0.860416666666667,13,1.95659589087702,"data_Haddara_unpub.csv"
"249",-0.0293712656074294,0.504166666666667,14,0.026951351191231,"data_Haddara_unpub.csv"
"250",2.01583414782719,0.852083333333333,15,2.18692662042061,"data_Haddara_unpub.csv"
"251",-0.2484431754821,0.454166666666667,16,0.0491291754068533,"data_Haddara_unpub.csv"
"252",2.23640205824162,0.864583333333333,17,0.388716580784834,"data_Haddara_unpub.csv"
"253",0.830755931227146,0.672916666666667,18,0.852193365107909,"data_Haddara_unpub.csv"
"254",1.43592290498938,0.833333333333333,19,0.264330900436466,"data_Haddara_unpub.csv"
"255",1.42248901130784,0.760416666666667,20,0.862075485106202,"data_Haddara_unpub.csv"
"256",1.71828482004247,0.814583333333333,21,1.47807354528138,"data_Haddara_unpub.csv"
"257",0.756020197653954,0.6375,22,0.954320590026625,"data_Haddara_unpub.csv"
"258",0.992163339671065,0.71875,23,0.192961917368101,"data_Haddara_unpub.csv"
"259",-0.0655987159112773,0.4875,24,-0.479538235507659,"data_Haddara_unpub.csv"
"260",2.46386242729449,0.854166666666667,25,1.23793856987413,"data_Haddara_unpub.csv"
"261",1.74989857051081,0.820833333333333,26,1.26563783222829,"data_Haddara_unpub.csv"
"262",1.88094674742282,0.835416666666667,27,1.47260071014353,"data_Haddara_unpub.csv"
"263",1.94803725212754,0.827083333333333,28,0.886613596707176,"data_Haddara_unpub.csv"
"264",0.911916015434955,0.69375,29,0.608188153580392,"data_Haddara_unpub.csv"
"265",2.51136644205227,0.879166666666667,30,2.12728147999832,"data_Haddara_unpub.csv"
"266",1.3150921780977,0.73125,31,1.03397931710318,"data_Haddara_unpub.csv"
"267",0.353064357976686,0.570833333333333,32,0.127244575923104,"data_Haddara_unpub.csv"
"268",1.23144529966854,0.76875,33,0.81216793312999,"data_Haddara_unpub.csv"
"269",2.02186251508435,0.85,34,0.638557956353893,"data_Haddara_unpub.csv"
"270",1.91523422097252,0.816666666666667,35,1.39205392037906,"data_Haddara_unpub.csv"
"271",1.0939814975722,0.69375,36,0.970852702124628,"data_Haddara_unpub.csv"
"272",-0.123219261985888,0.477083333333333,37,-0.164440892318995,"data_Haddara_unpub.csv"
"273",2.37108631162911,0.902083333333333,38,2.03448814346469,"data_Haddara_unpub.csv"
"274",2.18860870571462,0.885416666666667,39,1.72838310064524,"data_Haddara_unpub.csv"
"275",2.79581104797028,0.916666666666667,40,2.50799330032737,"data_Haddara_unpub.csv"
"276",1.96329474001375,0.825,41,0.843678386198491,"data_Haddara_unpub.csv"
"277",2.36320744466428,0.883333333333333,42,1.75966426737448,"data_Haddara_unpub.csv"
"278",1.55264995714378,0.797916666666667,43,0.923288483486025,"data_Haddara_unpub.csv"
"279",1.34037653119856,0.754166666666667,44,0.464160665579769,"data_Haddara_unpub.csv"
"280",2.929036579736,0.929166666666667,45,1.82760668216851,"data_Haddara_unpub.csv"
"281",0.997328168980604,0.708333333333333,46,0.704503499957829,"data_Haddara_unpub.csv"
"282",0.885136106702739,0.641666666666667,47,0.558016725921853,"data_Haddara_unpub.csv"
"283",1.31345939282696,0.75625,48,1.17028295661977,"data_Haddara_unpub.csv"
"284",0.226006868752867,0.552083333333333,49,0.240893460617664,"data_Haddara_unpub.csv"
"285",2.96622450149245,0.89375,50,1.2223379421736,"data_Haddara_unpub.csv"
"286",2.52934261634009,0.845833333333333,51,1.15143316326008,"data_Haddara_unpub.csv"
"287",0.787405640900124,0.658333333333333,52,0.386231839446582,"data_Haddara_unpub.csv"
"288",1.91010550051997,0.835416666666667,53,0.764990308969381,"data_Haddara_unpub.csv"
"289",1.1202317999592,0.70625,54,1.55588328428001,"data_Haddara_unpub.csv"
"290",1.81989939672276,0.80625,55,0.239042317320661,"data_Haddara_unpub.csv"
"291",1.58578673038038,0.81875,56,1.50879903278515,"data_Haddara_unpub.csv"
"292",1.52254327630831,0.770833333333333,57,0.491165343228028,"data_Haddara_unpub.csv"
"293",2.53050401998158,0.86875,58,1.78843590532264,"data_Haddara_unpub.csv"
"294",1.10017620141734,0.708333333333333,59,0.580944088717305,"data_Haddara_unpub.csv"
"295",1.6813157350354,0.78125,60,2.17367380193394,"data_Haddara_unpub.csv"
"296",0.839314411986496,0.68125,61,-0.131703778532351,"data_Haddara_unpub.csv"
"297",1.71299598392994,0.8125,62,-0.557405516906187,"data_Haddara_unpub.csv"
"298",1.18667136757759,0.70625,63,1.70566048182352,"data_Haddara_unpub.csv"
"299",-0.0909641311314535,0.48125,64,0.0923976938996199,"data_Haddara_unpub.csv"
"300",0.396397000254908,0.579166666666667,65,0.167842079148181,"data_Haddara_unpub.csv"
"301",0.0521348361678744,0.502083333333333,66,0.235111983928572,"data_Haddara_unpub.csv"
"302",1.61345897152466,0.820833333333333,67,1.37746583131728,"data_Haddara_unpub.csv"
"303",0.459046736523411,0.59375,68,0.259763302562606,"data_Haddara_unpub.csv"
"304",1.91695057903154,0.816666666666667,69,2.04042095945067,"data_Haddara_unpub.csv"
"305",1.11177994313045,0.714583333333333,70,0.225792255248662,"data_Haddara_unpub.csv"
"306",0.068165520106263,0.51875,71,0.154143997221184,"data_Haddara_unpub.csv"
"307",0.265087268507316,0.55,72,0.557532599939995,"data_Haddara_unpub.csv"
"308",1.97272171027975,0.870833333333333,73,1.91880161598508,"data_Haddara_unpub.csv"
"309",1.71697591831391,0.822916666666667,74,1.87367077039582,"data_Haddara_unpub.csv"
"310",1.48518441772114,0.75,75,1.14108464432468,"data_Haddara_unpub.csv"
"311",0.763169341168483,0.714583333333333,76,0.674088781534492,"data_Haddara_unpub.csv"
"312",1.29531398080652,0.760416666666667,77,0.720443483873629,"data_Haddara_unpub.csv"
"313",2.47284679510721,0.8875,78,1.99110384446761,"data_Haddara_unpub.csv"
"314",1.25511671790104,0.766666666666667,79,1.21580197886446,"data_Haddara_unpub.csv"
"315",0.879073244094967,0.66875,80,0.600923148083594,"data_Haddara_unpub.csv"
"316",0.691952520782623,0.6125,81,0.329944998180734,"data_Haddara_unpub.csv"
"317",1.30079365189282,0.854166666666667,82,1.29780544722963,"data_Haddara_unpub.csv"
"318",1.56977209964875,0.770833333333333,83,0.960141558785468,"data_Haddara_unpub.csv"
"319",1.96452255839278,0.864583333333333,84,1.43780506918591,"data_Haddara_unpub.csv"
"320",2.04508970823694,0.827083333333333,85,0.948450732299591,"data_Haddara_unpub.csv"
"321",1.85319140263718,0.852083333333333,86,1.73473037808711,"data_Haddara_unpub.csv"
"322",0.532777374908503,0.666666666666667,87,0.630081513864514,"data_Haddara_unpub.csv"
"323",1.23185338267204,0.754166666666667,88,0.628413490017764,"data_Haddara_unpub.csv"
"324",2.01458841498878,0.8625,89,0.940109527393921,"data_Haddara_unpub.csv"
"325",1.16222892672034,0.720833333333333,90,0.884744984396396,"data_Haddara_unpub.csv"
"326",0.157004440863082,0.527083333333333,91,0.118348971845238,"data_Haddara_unpub.csv"
"327",1.30822402506279,0.752083333333333,92,1.32945623310813,"data_Haddara_unpub.csv"
"328",2.49151852603448,0.929166666666667,93,2.03945539408714,"data_Haddara_unpub.csv"
"329",1.95241766953703,0.8125,94,1.35055754540433,"data_Haddara_unpub.csv"
"330",1.97051799730655,0.860416666666667,95,2.02017040276908,"data_Haddara_unpub.csv"
"331",1.82551018020167,0.84375,96,1.66302190141747,"data_Haddara_unpub.csv"
"332",1.1756840102417,0.725,97,-0.329760409053952,"data_Haddara_unpub.csv"
"333",2.52708809787988,0.860416666666667,98,1.61292057605672,"data_Haddara_unpub.csv"
"334",1.03273728795364,0.683333333333333,99,1.04658590277291,"data_Haddara_unpub.csv"
"335",0.00505443498987942,0.497916666666667,100,0.139488239781275,"data_Haddara_unpub.csv"
"336",2.37536979673169,0.91875,101,2.20354448454104,"data_Haddara_unpub.csv"
"337",-0.0290840836168192,0.489583333333333,102,-0.131101399316262,"data_Haddara_unpub.csv"
"338",1.34732934353746,0.752083333333333,103,2.12778385947323,"data_Haddara_unpub.csv"
"339",1.57388310121779,0.785416666666667,104,1.26511467027612,"data_Haddara_unpub.csv"
"340",0.176936861644857,0.541666666666667,105,0.0364356264986279,"data_Haddara_unpub.csv"
"341",1.99607298089606,0.864583333333333,106,1.46791347559403,"data_Haddara_unpub.csv"
"342",2.15712111467167,0.8,107,1.3046183412144,"data_Haddara_unpub.csv"
"343",-0.0941094874332707,0.489583333333333,108,0.0401346983885346,"data_Haddara_unpub.csv"
"344",1.78491832131108,0.822916666666667,109,2.14990126043005,"data_Haddara_unpub.csv"
"345",2.14852364614482,0.84375,110,2.69368593677415,"data_Haddara_unpub.csv"
"346",1.12538668025217,0.708333333333333,111,0.395040108109453,"data_Haddara_unpub.csv"
"347",2.02423988806477,0.866666666666667,112,1.4174914982515,"data_Haddara_unpub.csv"
"348",1.19424382802585,0.772916666666667,113,0.375904886182514,"data_Haddara_unpub.csv"
"349",1.68781217605599,0.80625,114,1.53287799671882,"data_Haddara_unpub.csv"
"350",0.793924927604019,0.652083333333333,115,0.240173420095748,"data_Haddara_unpub.csv"
"351",2.51635295283362,0.86875,116,1.6799162930047,"data_Haddara_unpub.csv"
"352",1.46746436248526,0.845833333333333,117,1.63745081952381,"data_Haddara_unpub.csv"
"353",2.16201425147592,0.8375,118,1.95192870238251,"data_Haddara_unpub.csv"
"354",2.34331730946047,0.860416666666667,119,1.43099053871799,"data_Haddara_unpub.csv"
"355",1.54880057143204,0.76875,120,1.15838659396431,"data_Haddara_unpub.csv"
"356",0.948964080522783,0.68125,121,1.3359639756792,"data_Haddara_unpub.csv"
"357",1.57417076602151,0.808333333333333,122,1.51311364435509,"data_Haddara_unpub.csv"
"358",1.69655950619248,0.81875,123,2.29431894270696,"data_Haddara_unpub.csv"
"359",0.834762510579084,0.652083333333333,124,0.705674538351171,"data_Haddara_unpub.csv"
"360",1.49144456976413,0.760416666666667,125,0.158388195223529,"data_Haddara_unpub.csv"
"361",0.301636930770303,0.558333333333333,126,0.79791365232188,"data_Haddara_unpub.csv"
"362",1.73930032354109,0.827083333333333,127,1.89447409042043,"data_Haddara_unpub.csv"
"363",1.48620595581869,0.81875,128,1.27069689143454,"data_Haddara_unpub.csv"
"364",1.71981242203749,0.866666666666667,129,1.57960981691174,"data_Haddara_unpub.csv"
"365",1.18756425576342,0.708333333333333,130,0.424180708137089,"data_Haddara_unpub.csv"
"366",1.03235588013168,0.704166666666667,131,0.729877272729049,"data_Haddara_unpub.csv"
"367",1.55019974186741,0.8,132,0.882603556770247,"data_Haddara_unpub.csv"
"368",1.81618596502831,0.83125,133,1.51024041360928,"data_Haddara_unpub.csv"
"369",1.99074016898942,0.852083333333333,134,1.15890869159257,"data_Haddara_unpub.csv"
"370",0.177104729455679,0.5375,135,-0.0725343347875918,"data_Haddara_unpub.csv"
"371",1.80968645884466,0.814583333333333,136,0.781157857447322,"data_Haddara_unpub.csv"
"372",-0.33935306887768,0.433333333333333,137,0.212036108139909,"data_Haddara_unpub.csv"
"373",1.81312574684266,0.827083333333333,138,0.123558547501506,"data_Haddara_unpub.csv"
"374",2.03250292703507,0.814583333333333,139,1.22246606089125,"data_Haddara_unpub.csv"
"375",0.00381713255678537,0.5,140,-0.0441446119286635,"data_Haddara_unpub.csv"
"376",0.805757308744325,0.658333333333333,141,0.56457709687385,"data_Haddara_unpub.csv"
"377",1.20544732185035,0.727083333333333,142,0.854168614825726,"data_Haddara_unpub.csv"
"378",1.76763689664315,0.81875,143,1.13084134956185,"data_Haddara_unpub.csv"
"379",1.79898014974785,0.829166666666667,144,0.83540644610765,"data_Haddara_unpub.csv"
"380",1.62606362229641,0.841666666666667,145,1.14234147512865,"data_Haddara_unpub.csv"
"381",1.42071919196463,0.733333333333333,146,1.01070283005298,"data_Haddara_unpub.csv"
"382",2.38922862086133,0.89375,147,1.87022072293436,"data_Haddara_unpub.csv"
"383",3.50209820411879,0.935416666666667,148,2.10555884554286,"data_Haddara_unpub.csv"
"384",2.56080488984928,0.889583333333333,149,2.37507306746683,"data_Haddara_unpub.csv"
"385",1.50723393523334,0.79375,150,1.23210243892042,"data_Haddara_unpub.csv"
"386",1.14155035234107,0.729166666666667,151,1.1263040447401,"data_Haddara_unpub.csv"
"387",1.27557174618571,0.735416666666667,152,0.566400120019348,"data_Haddara_unpub.csv"
"388",1.98689564160693,0.827083333333333,153,1.9263916929136,"data_Haddara_unpub.csv"
"389",3.00383163469161,0.939583333333333,154,2.3523579389311,"data_Haddara_unpub.csv"
"390",1.82347262623034,0.835416666666667,155,1.75601462306817,"data_Haddara_unpub.csv"
"391",2.06589049934406,0.885416666666667,156,1.23985770900465,"data_Haddara_unpub.csv"
"392",1.92087241878239,0.839583333333333,157,0.70213745271748,"data_Haddara_unpub.csv"
"393",1.99747390085015,0.85625,158,0.633933539684282,"data_Haddara_unpub.csv"
"394",2.10026592542139,0.847916666666667,159,1.55764824860493,"data_Haddara_unpub.csv"
"395",0.216208932810451,0.520833333333333,160,0.165186625838673,"data_Haddara_unpub.csv"
"396",2.0985144933586,0.8375,161,1.74819582786082,"data_Haddara_unpub.csv"
"397",-0.0117248520403342,0.504166666666667,162,0.290170167404175,"data_Haddara_unpub.csv"
"398",2.54779684351103,0.870833333333333,163,1.28411866500163,"data_Haddara_unpub.csv"
"399",2.34758082450187,0.860416666666667,164,1.5647925592865,"data_Haddara_unpub.csv"
"400",1.92312959931063,0.8125,165,1.20957792569477,"data_Haddara_unpub.csv"
"401",1.84416508333339,0.816666666666667,166,1.68463857811479,"data_Haddara_unpub.csv"
"402",0.0742128697561797,0.5125,167,0.0923029450589248,"data_Haddara_unpub.csv"
"403",1.42785201877799,0.772916666666667,168,0.437357114921769,"data_Haddara_unpub.csv"
"404",1.55892187039099,0.76875,169,0.721299453713403,"data_Haddara_unpub.csv"
"405",1.89340880741797,0.795833333333333,170,1.32410066688296,"data_Haddara_unpub.csv"
"406",2.1351421785926,0.8375,171,0.861034018534774,"data_Haddara_unpub.csv"
"407",2.15211548333881,0.885416666666667,172,2.00075315159024,"data_Haddara_unpub.csv"
"408",1.98696314863765,0.829166666666667,173,2.03554933303314,"data_Haddara_unpub.csv"
"409",2.2429916477244,0.835416666666667,174,1.0562297069815,"data_Haddara_unpub.csv"
"410",0.569992467838007,0.604166666666667,175,-0.115437789044127,"data_Haddara_unpub.csv"
"411",1.68884284538897,0.804166666666667,176,1.31159429071871,"data_Haddara_unpub.csv"
"412",-0.0102055859175536,0.497916666666667,177,0.0664423736798942,"data_Haddara_unpub.csv"
"413",-1.22013370816397,0.275,178,-0.630881278708758,"data_Haddara_unpub.csv"
"414",0.170829436081804,0.533333333333333,179,0.135012445766648,"data_Haddara_unpub.csv"
"415",2.57706600851937,0.889583333333333,180,2.15081682799846,"data_Haddara_unpub.csv"
"416",2.16176776100398,0.883333333333333,181,1.47079895906479,"data_Haddara_unpub.csv"
"417",0.141437356057588,0.529166666666667,182,-0.0245169555596763,"data_Haddara_unpub.csv"
"418",0.511172916934824,0.59375,183,0.19391219854652,"data_Haddara_unpub.csv"
"419",1.09734026545818,0.71875,184,0.904863274958376,"data_Haddara_unpub.csv"
"420",2.19953917736397,0.875,185,1.51149128551984,"data_Haddara_unpub.csv"
"421",0.419434507037286,0.585416666666667,186,-0.438560828144661,"data_Haddara_unpub.csv"
"422",2.40292003941014,0.8875,187,2.22836115919045,"data_Haddara_unpub.csv"
"423",1.56786105057139,0.760416666666667,188,-0.0880794396065394,"data_Haddara_unpub.csv"
"424",0.864471153397655,0.641666666666667,189,1.07633359624997,"data_Haddara_unpub.csv"
"425",-0.201033471404475,0.46875,190,0.107007663422411,"data_Haddara_unpub.csv"
"426",1.91037673766553,0.85,191,2.00643570942548,"data_Haddara_unpub.csv"
"427",2.05931213363145,0.870833333333333,192,1.59486729165566,"data_Haddara_unpub.csv"
"428",0.469319297088541,0.591666666666667,193,-0.315739623059927,"data_Haddara_unpub.csv"
"429",1.40549824253475,0.75625,194,0.74594539485872,"data_Haddara_unpub.csv"
"430",2.3182064253896,0.90625,195,2.23695816226513,"data_Haddara_unpub.csv"
"431",1.31561448961961,0.81875,196,0.597394111011614,"data_Haddara_unpub.csv"
"432",-0.0968236678349108,0.489583333333333,197,0.214739501122227,"data_Haddara_unpub.csv"
"433",0.419770150063147,0.5875,198,0.265140638824444,"data_Haddara_unpub.csv"
"434",1.68276611554313,0.81875,199,1.49161172593866,"data_Haddara_unpub.csv"
"435",0.195147493279413,0.541666666666667,200,-0.00935677772502545,"data_Haddara_unpub.csv"
"436",2.13600354684248,0.825,201,1.50752585017302,"data_Haddara_unpub.csv"
"437",1.38245993137549,0.758333333333333,202,0.735960628884942,"data_Haddara_unpub.csv"
"438",-0.126578838355448,0.485416666666667,203,-0.137788103389605,"data_Haddara_unpub.csv"
"439",0.615838476621372,0.622916666666667,204,0.490578300006592,"data_Haddara_unpub.csv"
"440",0.313768146265706,0.56875,205,0.433131409143128,"data_Haddara_unpub.csv"
"441",0.341796901876835,0.560416666666667,206,0.468658682472863,"data_Haddara_unpub.csv"
"442",2.60094624448619,0.870833333333333,207,2.18710537142608,"data_Haddara_unpub.csv"
"443",1.17842697862851,0.729166666666667,208,1.17488373511777,"data_Haddara_unpub.csv"
"444",0.23195368481551,0.554166666666667,209,-0.0766916648752291,"data_Haddara_unpub.csv"
"445",1.81429353941847,0.84375,210,1.52036425617318,"data_Haddara_unpub.csv"
"446",1.70139057640606,0.795833333333333,211,0.384223781522168,"data_Haddara_unpub.csv"
"447",1.6410740797012,0.804166666666667,212,1.71813695537247,"data_Haddara_unpub.csv"
"448",2.47903334253964,0.854166666666667,213,1.704431783063,"data_Haddara_unpub.csv"
"449",0.89626198563725,0.679166666666667,214,0.742077362734146,"data_Haddara_unpub.csv"
"450",0.744083989034828,0.647916666666667,215,0.649322954886915,"data_Haddara_unpub.csv"
"451",1.68210458186506,0.835416666666667,216,0.980969777482015,"data_Haddara_unpub.csv"
"452",1.94858863111251,0.879166666666667,217,1.68567223472624,"data_Haddara_unpub.csv"
"453",0.895890994340501,0.820833333333333,218,0.307276025312127,"data_Haddara_unpub.csv"
"454",0.980093093691699,0.675,219,0.337786230128529,"data_Haddara_unpub.csv"
"455",2.18069194379011,0.85625,220,1.86496752347776,"data_Haddara_unpub.csv"
"456",1.16806306550276,0.727083333333333,221,1.02149808013808,"data_Haddara_unpub.csv"
"457",1.69675025711613,0.80625,222,1.40408047996389,"data_Haddara_unpub.csv"
"458",2.5262956667699,0.879166666666667,223,1.91343526660004,"data_Haddara_unpub.csv"
"459",1.67681235363869,0.8,224,-0.449963611824611,"data_Haddara_unpub.csv"
"460",1.70398453340595,0.79375,225,1.40100550195632,"data_Haddara_unpub.csv"
"461",1.62351159264714,0.789583333333333,226,1.00742610401023,"data_Haddara_unpub.csv"
"462",2.5670812870039,0.910416666666667,227,1.88953334535002,"data_Haddara_unpub.csv"
"463",0.0180303706202301,0.49375,228,0.325903722751058,"data_Haddara_unpub.csv"
"464",1.88327626892497,0.822916666666667,229,1.27861430470437,"data_Haddara_unpub.csv"
"465",1.8155661999974,0.8125,230,1.23808305959905,"data_Haddara_unpub.csv"
"466",1.2957471962104,0.71875,231,0.720938318428509,"data_Haddara_unpub.csv"
"467",2.09396617645256,0.860416666666667,232,1.70417971391448,"data_Haddara_unpub.csv"
"468",2.36412344439716,0.845833333333333,233,2.08943554556501,"data_Haddara_unpub.csv"
"469",1.55300637551289,0.808333333333333,234,1.23854796213773,"data_Haddara_unpub.csv"
"470",1.24884240540712,0.733333333333333,235,0.0232766141467043,"data_Haddara_unpub.csv"
"471",1.29274565387356,0.747916666666667,236,0.827083558743093,"data_Haddara_unpub.csv"
"472",1.64888041313244,0.79375,237,1.8886341456582,"data_Haddara_unpub.csv"
"473",1.99416622631999,0.839583333333333,238,1.72158967682335,"data_Haddara_unpub.csv"
"474",1.81096583098391,0.816666666666667,239,0.819060019117337,"data_Haddara_unpub.csv"
"475",2.00086982208295,0.847916666666667,240,1.26212807621659,"data_Haddara_unpub.csv"
"476",1.90600369500088,0.79375,241,1.78740894545035,"data_Haddara_unpub.csv"
"477",2.17413797674673,0.852083333333333,242,0.930190630839223,"data_Haddara_unpub.csv"
"478",1.51011582830986,0.777083333333333,243,1.15884969617693,"data_Haddara_unpub.csv"
"479",1.65634900591587,0.791666666666667,244,1.13374128571576,"data_Haddara_unpub.csv"
"480",0.929446182673838,0.666666666666667,245,0.921836366221097,"data_Haddara_unpub.csv"
"481",-0.0814445657279661,0.48125,246,-0.104881997300586,"data_Haddara_unpub.csv"
"482",2.01213087087798,0.839583333333333,247,1.29303995743628,"data_Haddara_unpub.csv"
"483",0.665944860099705,0.627083333333333,248,0.631604520535987,"data_Haddara_unpub.csv"
"484",0.789701372726943,0.65625,249,0.850938935236337,"data_Haddara_unpub.csv"
"485",1.18954286542673,0.808333333333333,250,0.767758095207928,"data_Haddara_unpub.csv"
"486",2.12125097120428,0.852083333333333,251,1.29202468534507,"data_Haddara_unpub.csv"
"487",2.16121612138745,0.839583333333333,252,1.28122357473444,"data_Haddara_unpub.csv"
"488",2.38896035547209,0.891666666666667,253,1.47249641214746,"data_Haddara_unpub.csv"
"489",1.90944038941068,0.860416666666667,254,1.39972161040711,"data_Haddara_unpub.csv"
"490",0.104204839071019,0.520833333333333,255,-0.0564894154602432,"data_Haddara_unpub.csv"
"491",-0.176003121709507,0.479166666666667,256,0.0321438503255383,"data_Haddara_unpub.csv"
"492",2.328485129416,0.891666666666667,257,0.270301262098233,"data_Haddara_unpub.csv"
"493",1.64561688162941,0.78125,258,0.978628501529073,"data_Haddara_unpub.csv"
"494",2.18022545472419,0.864583333333333,259,2.32595931750775,"data_Haddara_unpub.csv"
"495",1.5552117006244,0.795833333333333,260,1.41325532426949,"data_Haddara_unpub.csv"
"496",3.19666139041076,0.914583333333333,261,1.81491276990045,"data_Haddara_unpub.csv"
"497",1.53059159341023,0.79375,262,0.91651350665574,"data_Haddara_unpub.csv"
"498",1.413076665661,0.779166666666667,263,0.277848000304523,"data_Haddara_unpub.csv"
"499",1.33295547243137,0.764583333333333,264,0.727777173965812,"data_Haddara_unpub.csv"
"500",2.0108671478846,0.839583333333333,265,1.56679598265194,"data_Haddara_unpub.csv"
"501",1.35919546411868,0.785416666666667,266,1.38070848735443,"data_Haddara_unpub.csv"
"502",2.03376525154874,0.904166666666667,267,1.24276723092869,"data_Haddara_unpub.csv"
"503",0.200419140029196,0.545833333333333,268,0.0306602008917625,"data_Haddara_unpub.csv"
"504",1.06087125765436,0.6875,269,0.548626426493084,"data_Haddara_unpub.csv"
"505",1.90916842945879,0.808333333333333,270,1.32593500082207,"data_Haddara_unpub.csv"
"506",1.48472822990009,0.766666666666667,271,0.777351120513094,"data_Haddara_unpub.csv"
"507",2.18631872778476,0.8875,272,1.73863227275343,"data_Haddara_unpub.csv"
"508",1.71613699030919,0.758333333333333,273,2.11043268555309,"data_Haddara_unpub.csv"
"509",1.4926924387727,0.739583333333333,274,0.391403792891827,"data_Haddara_unpub.csv"
"510",2.16933629721202,0.8375,275,1.17477879685687,"data_Haddara_unpub.csv"
"511",2.074141182265,0.83125,276,1.46433730114332,"data_Haddara_unpub.csv"
"512",-0.015493949420074,0.510416666666667,277,-0.41639582485243,"data_Haddara_unpub.csv"
"513",1.58379627995303,0.808333333333333,278,1.15386575100836,"data_Haddara_unpub.csv"
"514",1.46281162810093,0.764583333333333,279,0.582725903248397,"data_Haddara_unpub.csv"
"515",1.60636651035172,0.810416666666667,280,0.833065260146652,"data_Haddara_unpub.csv"
"516",-0.0208174035162923,0.495833333333333,281,0.200739015942249,"data_Haddara_unpub.csv"
"517",1.42078983109814,0.78125,282,1.21251471295695,"data_Haddara_unpub.csv"
"518",1.03362722212847,0.708333333333333,283,0.885269947381594,"data_Haddara_unpub.csv"
"519",1.14454240099831,0.71875,284,0.992033160034339,"data_Haddara_unpub.csv"
"520",2.46548758808787,0.866666666666667,285,1.8076762718948,"data_Haddara_unpub.csv"
"521",1.34969040053448,0.74375,286,0.810187411598676,"data_Haddara_unpub.csv"
"522",2.39255055529062,0.8375,287,0.537870370904525,"data_Haddara_unpub.csv"
"523",1.57599086919932,0.78125,288,1.51610967341227,"data_Haddara_unpub.csv"
"524",2.07911017825494,0.85625,289,2.36383592106449,"data_Haddara_unpub.csv"
"525",1.46492339228671,0.75625,290,0.474750795965366,"data_Haddara_unpub.csv"
"526",1.49967495272949,0.797916666666667,291,0.608997548566733,"data_Haddara_unpub.csv"
"527",1.06813685760384,0.727083333333333,292,1.80583626480539,"data_Haddara_unpub.csv"
"528",0.23478662162314,0.54375,293,0.237876816894096,"data_Haddara_unpub.csv"
"529",1.59714070479701,0.78125,294,1.10298217406608,"data_Haddara_unpub.csv"
"530",1.76993435472162,0.816666666666667,295,0.303500634192151,"data_Haddara_unpub.csv"
"531",1.87807874351027,0.833333333333333,296,1.77945950427335,"data_Haddara_unpub.csv"
"532",1.82169242735686,0.864583333333333,297,0.131754960587233,"data_Haddara_unpub.csv"
"533",2.34599380838241,0.866666666666667,298,1.00691589484987,"data_Haddara_unpub.csv"
"534",1.82064273780453,0.810416666666667,299,1.07631742609405,"data_Haddara_unpub.csv"
"535",1.13954422165032,0.714583333333333,300,1.28523154322281,"data_Haddara_unpub.csv"
"536",1.77026829583635,0.864583333333333,301,1.37883172390094,"data_Haddara_unpub.csv"
"537",2.56643686765066,0.895833333333333,302,1.40169610840824,"data_Haddara_unpub.csv"
"538",2.02752342890295,0.8625,303,1.02036279314947,"data_Haddara_unpub.csv"
"539",2.03618594206738,0.85,304,2.192270819916,"data_Haddara_unpub.csv"
"540",1.63350696965116,0.797916666666667,305,1.62766302586303,"data_Haddara_unpub.csv"
"541",0.186122355070814,0.541666666666667,306,0.013558993597611,"data_Haddara_unpub.csv"
"542",1.40094792366675,0.752083333333333,307,-0.35606448128585,"data_Haddara_unpub.csv"
"543",1.41393658338752,0.770833333333333,308,1.21714809023703,"data_Haddara_unpub.csv"
"544",1.85882348607359,0.825,309,1.85069230122717,"data_Haddara_unpub.csv"
"545",0.77388111061897,0.658333333333333,310,0.704613745308253,"data_Haddara_unpub.csv"
"546",1.56610644050901,0.804166666666667,311,1.97715768254984,"data_Haddara_unpub.csv"
"547",1.61779136285147,0.847916666666667,312,2.21071299499977,"data_Haddara_unpub.csv"
"548",2.12345958519915,0.90625,313,1.62220772952758,"data_Haddara_unpub.csv"
"549",2.18265429599265,0.839583333333333,314,1.63117339382939,"data_Haddara_unpub.csv"
"550",1.9122600900392,0.85625,315,0.779998456453258,"data_Haddara_unpub.csv"
"551",2.02979113657553,0.84375,316,1.32576943421996,"data_Haddara_unpub.csv"
"552",1.36971690407843,0.735416666666667,317,0.95312734048763,"data_Haddara_unpub.csv"
"553",1.3225557696367,0.7375,318,0.869240945366145,"data_Haddara_unpub.csv"
"554",1.84236780170304,0.829166666666667,319,1.11980823709417,"data_Haddara_unpub.csv"
"555",1.42787808448225,0.76875,320,1.37629676791707,"data_Haddara_unpub.csv"
"556",0.647489096093496,0.616666666666667,321,0.107608441677655,"data_Haddara_unpub.csv"
"557",-0.395881830620698,0.425,322,-1.25294001582267,"data_Haddara_unpub.csv"
"558",1.06549997100016,0.670833333333333,323,0.953810996807176,"data_Haddara_unpub.csv"
"559",2.08430451143763,0.895833333333333,324,2.58957402997052,"data_Haddara_unpub.csv"
"560",2.2264082929612,0.89375,325,1.8187442204412,"data_Haddara_unpub.csv"
"561",1.74625225502166,0.864583333333333,326,1.43413178859325,"data_Haddara_unpub.csv"
"562",2.61838667057242,0.8875,327,2.31017163568221,"data_Haddara_unpub.csv"
"563",1.82348623155168,0.85,328,1.82446294685077,"data_Haddara_unpub.csv"
"564",-0.0450055356905105,0.489583333333333,329,0.234052239549839,"data_Haddara_unpub.csv"
"565",1.5994828287507,0.795833333333333,330,0.61830216159671,"data_Haddara_unpub.csv"
"566",2.90321586928946,0.8875,331,1.79802223298232,"data_Haddara_unpub.csv"
"567",1.95183821139618,0.825,332,1.9565731253775,"data_Haddara_unpub.csv"
"568",2.73315455950081,0.879166666666667,333,2.24536780874676,"data_Haddara_unpub.csv"
"569",0.769277367042189,0.625,334,-0.0227589356691448,"data_Haddara_unpub.csv"
"570",2.574056733799,0.9125,335,1.70941323709197,"data_Haddara_unpub.csv"
"571",1.12646915818461,0.71875,336,0.94744610269659,"data_Haddara_unpub.csv"
"572",0.458793847072154,0.595833333333333,337,0.36632047996024,"data_Haddara_unpub.csv"
"573",1.59614062386984,0.88125,338,0.461783142641514,"data_Haddara_unpub.csv"
"574",1.67601438003978,0.904166666666667,339,1.12968045429699,"data_Haddara_unpub.csv"
"575",2.23703855469671,0.860416666666667,340,1.6728025288342,"data_Haddara_unpub.csv"
"576",0.945717271431614,0.675,341,0.616359840182576,"data_Haddara_unpub.csv"
"577",2.70681772821844,0.866666666666667,342,0.992976915914365,"data_Haddara_unpub.csv"
"578",1.16785723787939,0.741666666666667,343,0.438864293291074,"data_Haddara_unpub.csv"
"579",1.04196207265443,0.677083333333333,344,0.638907901564114,"data_Haddara_unpub.csv"
"580",2.26471500351317,0.877083333333333,345,2.03384648044926,"data_Haddara_unpub.csv"
"581",1.92779481927409,0.85,346,0.986230818917105,"data_Haddara_unpub.csv"
"582",2.18318079566787,0.870833333333333,347,1.39245352872286,"data_Haddara_unpub.csv"
"583",1.69819399235571,0.802083333333333,348,1.32901728756604,"data_Haddara_unpub.csv"
"584",2.24529348195366,0.904166666666667,349,1.00583829829636,"data_Haddara_unpub.csv"
"585",2.01225462342303,0.839583333333333,350,1.50710779786038,"data_Haddara_unpub.csv"
"586",1.81525085038975,0.841666666666667,351,1.57902748129861,"data_Haddara_unpub.csv"
"587",-0.0335205533855934,0.502083333333333,352,0.16527685414282,"data_Haddara_unpub.csv"
"588",3.04221445364158,0.947916666666667,353,2.24833159095378,"data_Haddara_unpub.csv"
"589",1.4302666754056,0.841666666666667,354,1.4352210126453,"data_Haddara_unpub.csv"
"590",1.29056630129914,0.722916666666667,355,1.09934160149202,"data_Haddara_unpub.csv"
"591",0.904703277625149,0.670833333333333,356,0.562074864536164,"data_Haddara_unpub.csv"
"592",1.88149674833826,0.839583333333333,357,1.7849786611837,"data_Haddara_unpub.csv"
"593",2.58392854310986,0.89375,358,2.47272204702637,"data_Haddara_unpub.csv"
"594",1.7508193086845,0.827083333333333,359,1.18654835025286,"data_Haddara_unpub.csv"
"595",2.25029527881002,0.845833333333333,360,1.60476587779417,"data_Haddara_unpub.csv"
"596",1.68496362110801,0.839583333333333,361,0.863463760895896,"data_Haddara_unpub.csv"
"597",1.14379584036787,0.70625,362,-0.0874753132227746,"data_Haddara_unpub.csv"
"598",1.36755745783544,0.7375,363,1.00177934511341,"data_Haddara_unpub.csv"
"599",1.57256071803652,0.820833333333333,364,0.615874095133042,"data_Haddara_unpub.csv"
"600",1.2375068061499,0.764583333333333,365,1.13270754120182,"data_Haddara_unpub.csv"
"601",1.14370812738371,0.727083333333333,366,1.24174452948361,"data_Haddara_unpub.csv"
"602",1.55280306445346,0.810416666666667,367,0.231838725985843,"data_Haddara_unpub.csv"
"603",-0.0302564423786558,0.477083333333333,368,-0.0242392526308147,"data_Haddara_unpub.csv"
"604",1.17131149537491,0.733333333333333,369,1.08339555549615,"data_Haddara_unpub.csv"
"605",1.27616964579705,0.797916666666667,370,1.22026513691906,"data_Haddara_unpub.csv"
"606",1.26764739297876,0.739583333333333,371,1.0419589604823,"data_Haddara_unpub.csv"
"607",2.26716764347673,0.883333333333333,372,1.64495499962467,"data_Haddara_unpub.csv"
"608",1.9604830417454,0.808333333333333,373,0.618670708275322,"data_Haddara_unpub.csv"
"609",2.05498827241474,0.841666666666667,374,1.95331020681266,"data_Haddara_unpub.csv"
"610",1.00817623825371,0.7,375,0.644180624380321,"data_Haddara_unpub.csv"
"611",1.53204838549279,0.783333333333333,376,1.02532747414845,"data_Haddara_unpub.csv"
"612",2.0802670111814,0.8625,377,1.51728480946248,"data_Haddara_unpub.csv"
"613",1.600891314607,0.814583333333333,378,0.419472929889086,"data_Haddara_unpub.csv"
"614",0.686926286517362,0.63125,379,0.627036821192995,"data_Haddara_unpub.csv"
"615",2.54622161735678,0.879166666666667,380,2.41714761404015,"data_Haddara_unpub.csv"
"616",1.24830482642073,0.775,381,1.07341970291665,"data_Haddara_unpub.csv"
"617",1.30172256666659,0.754166666666667,382,0.257863485173983,"data_Haddara_unpub.csv"
"618",1.38506594822974,0.760416666666667,383,1.30562413881565,"data_Haddara_unpub.csv"
"619",1.77235330883147,0.877083333333333,384,1.61112869182812,"data_Haddara_unpub.csv"
"620",1.5421957010685,0.8125,385,0.512989226741825,"data_Haddara_unpub.csv"
"621",2.63270021893186,0.86875,386,1.74024104858445,"data_Haddara_unpub.csv"
"622",1.76246395159446,0.814583333333333,387,1.63579669084926,"data_Haddara_unpub.csv"
"623",1.41852968947183,0.802083333333333,388,1.0446168110809,"data_Haddara_unpub.csv"
"624",1.74535949671928,0.779166666666667,389,1.05341206109329,"data_Haddara_unpub.csv"
"625",0.835046635096773,0.660416666666667,390,0.55537825024112,"data_Haddara_unpub.csv"
"626",1.0157264451127,0.708333333333333,391,0.24078071790976,"data_Haddara_unpub.csv"
"627",1.99703497632622,0.820833333333333,392,1.41927349080168,"data_Haddara_unpub.csv"
"628",2.01169375542676,0.86875,393,1.96808196299194,"data_Haddara_unpub.csv"
"629",0.600181267675467,0.620833333333333,394,0.50220875256119,"data_Haddara_unpub.csv"
"630",2.73072613893359,0.8875,395,1.72254707496162,"data_Haddara_unpub.csv"
"631",-0.0189922020908868,0.479166666666667,396,-0.499023183140302,"data_Haddara_unpub.csv"
"632",0.962100666417061,0.685416666666667,397,0.359062889838585,"data_Haddara_unpub.csv"
"633",1.9612265981152,0.822916666666667,398,1.69897879515095,"data_Haddara_unpub.csv"
"634",-0.170914091726656,0.466666666666667,399,0.10294174206445,"data_Haddara_unpub.csv"
"635",0.119029110644042,0.522916666666667,400,0.138937913839845,"data_Haddara_unpub.csv"
"636",1.42501741536173,0.779166666666667,401,0.975300887584646,"data_Haddara_unpub.csv"
"637",1.33473918085537,0.733333333333333,402,0.768146461453493,"data_Haddara_unpub.csv"
"638",2.09363704647012,0.85625,403,2.18645946644766,"data_Haddara_unpub.csv"
"639",2.59787636446662,0.8625,404,1.47597560021375,"data_Haddara_unpub.csv"
"640",1.81504046241517,0.8,405,1.55298363088879,"data_Haddara_unpub.csv"
"641",0.910391671244879,0.679166666666667,406,0.518966321954762,"data_Haddara_unpub.csv"
"642",2.07405953471828,0.885416666666667,407,0.775918819921928,"data_Haddara_unpub.csv"
"643",0.901069079414937,0.6875,408,0.103773384856265,"data_Haddara_unpub.csv"
"644",2.10570553900091,0.8375,409,0.117240348258318,"data_Haddara_unpub.csv"
"645",1.37573560845876,0.75,410,0.794074063216783,"data_Haddara_unpub.csv"
"646",0.925460885035712,0.695833333333333,411,0.855370166103393,"data_Haddara_unpub.csv"
"647",1.73414321554463,0.795833333333333,412,0.171314639369207,"data_Haddara_unpub.csv"
"648",1.6974289162998,0.7875,413,1.39795594483281,"data_Haddara_unpub.csv"
"649",0.957820001058029,0.66875,414,1.33838405113728,"data_Haddara_unpub.csv"
"650",1.44641002051724,0.760416666666667,415,0.699621799952152,"data_Haddara_unpub.csv"
"651",2.31832033706814,0.90625,416,2.30950250825573,"data_Haddara_unpub.csv"
"652",0.204719160094666,0.51875,417,-0.0246744191995288,"data_Haddara_unpub.csv"
"653",0.933551222817694,0.779166666666667,418,0.442628960642879,"data_Haddara_unpub.csv"
"654",1.65838255494682,0.8,419,1.40197238438852,"data_Haddara_unpub.csv"
"655",3.32410428654143,0.935416666666667,420,1.53331701164101,"data_Haddara_unpub.csv"
"656",0.0468694421336257,0.510416666666667,421,0.146478218911395,"data_Haddara_unpub.csv"
"657",0.841292276273642,0.710416666666667,422,0.889001928335297,"data_Haddara_unpub.csv"
"658",1.5907764130357,0.785416666666667,423,1.75584944147187,"data_Haddara_unpub.csv"
"659",1.49980874037449,0.866666666666667,424,0.912028016471772,"data_Haddara_unpub.csv"
"660",2.33205725538365,0.9125,425,2.36220226911709,"data_Haddara_unpub.csv"
"661",1.29268084479312,0.758333333333333,426,1.04109398684764,"data_Haddara_unpub.csv"
"662",1.12891720077591,0.702083333333333,427,0.662968003978454,"data_Haddara_unpub.csv"
"663",1.70508854711996,0.83125,428,1.02915242796724,"data_Haddara_unpub.csv"
"664",1.27312690319191,0.747916666666667,429,1.57464607680226,"data_Haddara_unpub.csv"
"665",1.13854864072786,0.745833333333333,430,0.258626859378972,"data_Haddara_unpub.csv"
"666",1.71376489985435,0.804166666666667,431,1.52640536816739,"data_Haddara_unpub.csv"
"667",2.26808323544576,0.866666666666667,432,1.58616792523628,"data_Haddara_unpub.csv"
"668",2.36943727165334,0.872916666666667,433,0.533670351844367,"data_Haddara_unpub.csv"
"669",0.954792712104838,0.702083333333333,434,0.638464508512503,"data_Haddara_unpub.csv"
"670",0.0494721307535792,0.510416666666667,435,0.224036243583973,"data_Haddara_unpub.csv"
"671",1.37115714842165,0.866666666666667,436,1.64147882126251,"data_Haddara_unpub.csv"
"672",1.19149338576187,0.777083333333333,437,0.974829306974131,"data_Haddara_unpub.csv"
"673",0.821361713083203,0.65,438,0.502154158110291,"data_Haddara_unpub.csv"
"674",1.89108549651039,0.833333333333333,439,1.90009302783456,"data_Haddara_unpub.csv"
"675",1.31931479656134,0.725,440,0.947571960117706,"data_Haddara_unpub.csv"
"676",1.66216717744463,0.76875,441,0.298628402325213,"data_Haddara_unpub.csv"
"677",2.15846247356454,0.85,442,2.0825968665535,"data_Haddara_unpub.csv"
"678",2.53613649925116,0.9,443,2.46981050344014,"data_Haddara_unpub.csv"
"679",-0.345468487856149,0.327272727272727,1,-0.337701149518682,"data_Koculak_unpub.csv"
"680",-0.454163930205402,0.262068965517241,2,0.193275252566928,"data_Koculak_unpub.csv"
"681",-0.29262299649469,0.339080459770115,3,-0.209563367997239,"data_Koculak_unpub.csv"
"682",-0.486248456317,0.25,4,0.195930509689046,"data_Koculak_unpub.csv"
"683",-0.517468107926726,0.230769230769231,5,-0.925668354831736,"data_Koculak_unpub.csv"
"684",-0.290935360822275,0.323383084577114,6,-0.386677185524616,"data_Koculak_unpub.csv"
"685",-0.520705790698439,0.25748502994012,7,-0.964015874342219,"data_Koculak_unpub.csv"
"686",-0.401403686257933,0.292225201072386,8,-0.361104412842881,"data_Koculak_unpub.csv"
"687",-0.429082682726614,0.289002557544757,9,-0.0707354600225645,"data_Koculak_unpub.csv"
"688",-0.507859767328399,0.23224043715847,10,-0.618101677307904,"data_Koculak_unpub.csv"
"689",-0.42752250158957,0.256484149855908,11,-0.556569096008296,"data_Koculak_unpub.csv"
"690",-0.413791321419803,0.294736842105263,12,-0.192230596457234,"data_Koculak_unpub.csv"
"691",-0.476269181533797,0.263610315186246,13,-0.366342330154645,"data_Koculak_unpub.csv"
"692",-0.44839372728807,0.258666666666667,14,-0.139734381517574,"data_Koculak_unpub.csv"
"693",-0.283045011809938,0.34047619047619,15,-0.27124746797612,"data_Koculak_unpub.csv"
"694",-0.40307494998172,0.296470588235294,16,-0.210211244286238,"data_Koculak_unpub.csv"
"695",-0.0462037242248777,0.471264367816092,17,0.0253329940785178,"data_Koculak_unpub.csv"
"696",-0.469540960574974,0.275204359673025,18,-0.0432858412645826,"data_Koculak_unpub.csv"
"697",-0.454205145387494,0.275541795665635,19,-0.74998014228345,"data_Koculak_unpub.csv"
"698",0.123420156198029,0.582781456953642,20,-0.0394679238105574,"data_Koculak_unpub.csv"
"699",-0.519476448348561,0.24,21,-0.135719041195317,"data_Koculak_unpub.csv"
"700",-0.438597402720694,0.295165394402036,22,-0.838911500446511,"data_Koculak_unpub.csv"
"701",-0.442155017124731,0.269417475728155,23,-0.0292991559219643,"data_Koculak_unpub.csv"
"702",-0.355479327176971,0.323394495412844,24,0.0980232895173484,"data_Koculak_unpub.csv"
"703",-0.59428878206907,0.231182795698925,25,-0.4844537799255,"data_Koculak_unpub.csv"
"704",-0.248760156533519,0.360433604336043,26,0.25342561884371,"data_Koculak_unpub.csv"
"705",-0.623189662119835,0.221153846153846,27,0.0576695916789357,"data_Koculak_unpub.csv"
"706",-0.324475356917469,0.318181818181818,28,-0.390409593681044,"data_Koculak_unpub.csv"
"707",-0.402919021629348,0.272727272727273,29,-0.44699482314529,"data_Koculak_unpub.csv"
"708",-0.553982130877491,0.238670694864048,30,-0.430960652866665,"data_Koculak_unpub.csv"
"709",-0.381832673213696,0.293193717277487,31,-0.984912421278037,"data_Koculak_unpub.csv"
"710",-0.633830791128945,0.203647416413374,32,-0.0692652397445709,"data_Koculak_unpub.csv"
"711",-0.383934131954574,0.305699481865285,33,-0.784836814166182,"data_Koculak_unpub.csv"
"712",-0.369595334086574,0.317733990147783,34,0.208920096417846,"data_Koculak_unpub.csv"
"713",-0.301787929597984,0.320610687022901,35,-0.305093930809208,"data_Koculak_unpub.csv"
"714",-0.150187765052856,0.415189873417722,36,-0.15822029472847,"data_Koculak_unpub.csv"
"715",-0.500241162478298,0.255255255255255,37,-0.0509465787233757,"data_Koculak_unpub.csv"
"716",-0.479415762771338,0.277008310249307,38,-0.319654642972041,"data_Koculak_unpub.csv"
"717",-0.433886597981431,0.281345565749235,39,-0.145727087420096,"data_Koculak_unpub.csv"
"718",-0.605072175281371,0.221024258760108,40,-1.37508899959645,"data_Koculak_unpub.csv"
"719",-0.297884020442617,0.303896103896104,41,-0.11580560554275,"data_Koculak_unpub.csv"
"720",-0.250938774565609,0.353467561521253,42,-0.298512215200294,"data_Koculak_unpub.csv"
"721",-0.339624946615878,0.3125,43,-0.21061237556266,"data_Koculak_unpub.csv"
"722",-0.492101156532178,0.238578680203046,44,-0.495148050099872,"data_Koculak_unpub.csv"
"723",-0.385093544779895,0.296912114014252,45,-0.612187801469107,"data_Koculak_unpub.csv"
"724",-0.43537040813082,0.283251231527094,46,-0.896821301416863,"data_Koculak_unpub.csv"
"725",-0.914581364895112,0.13314447592068,47,-0.267676561273658,"data_Koculak_unpub.csv"
"726",-0.46490544302964,0.272727272727273,48,-0.218913058857315,"data_Koculak_unpub.csv"
"727",-0.522376905744678,0.256559766763848,49,-0.401786421843127,"data_Koculak_unpub.csv"
"728",-0.464794202960769,0.235294117647059,50,0.0133455499938528,"data_Koculak_unpub.csv"
"729",-0.376927245207554,0.287153652392947,51,-0.0929842765073915,"data_Koculak_unpub.csv"
"730",-0.448030637156565,0.265822784810127,52,-0.45484369753876,"data_Koculak_unpub.csv"
"731",-0.607552708588809,0.225433526011561,53,-0.450083480731282,"data_Koculak_unpub.csv"
"732",-0.337004768420197,0.324894514767932,54,-0.619232325960917,"data_Koculak_unpub.csv"
"733",0.990766638341487,0.623333333333333,1,0.105714893404542,"data_Law_unpub.csv"
"734",1.17830944393933,0.7225,2,0.712640407514909,"data_Law_unpub.csv"
"735",1.03230331640115,0.679166666666667,3,0.623430510571389,"data_Law_unpub.csv"
"736",0.883049600528706,0.664166666666667,4,0.653769583917036,"data_Law_unpub.csv"
"737",1.66463946084173,0.771666666666667,5,1.19049213280104,"data_Law_unpub.csv"
"738",1.28528377942319,0.739166666666667,6,0.28605477944138,"data_Law_unpub.csv"
"739",0.883259026891347,0.674166666666667,7,0.566321794119272,"data_Law_unpub.csv"
"740",0.695474082899559,0.6375,8,0.43748786681116,"data_Law_unpub.csv"
"741",0.308225486595524,0.5575,9,0.313954377473615,"data_Law_unpub.csv"
"742",1.43422385547244,0.775833333333333,10,1.41064115334974,"data_Law_unpub.csv"
"743",0.613971290742185,0.6175,11,0.234324474219873,"data_Law_unpub.csv"
"744",1.44483798393078,0.765,12,1.28472456705171,"data_Law_unpub.csv"
"745",0.321567422557855,0.564166666666667,13,0.312394982211271,"data_Law_unpub.csv"
"746",1.87916306272043,0.818333333333333,14,1.84437783767718,"data_Law_unpub.csv"
"747",2.46452312989765,0.856666666666667,15,2.02345879282738,"data_Law_unpub.csv"
"748",1.08286421744481,0.713333333333333,16,0.814946553311898,"data_Law_unpub.csv"
"749",2.31974586251584,0.937055837563452,1,1.34348176212778,"data_Maniscalco_2017_expt1.csv"
"750",2.32155774194315,0.916,2,3.30525875506553,"data_Maniscalco_2017_expt1.csv"
"751",5.12521144049495,1,3,5.88298116332395,"data_Maniscalco_2017_expt1.csv"
"752",1.58996090393174,0.796,4,1.63278518462605,"data_Maniscalco_2017_expt1.csv"
"753",0.462193177074613,0.593,5,0.712198632072174,"data_Maniscalco_2017_expt1.csv"
"754",0.484746989169913,0.583,6,0.415493724113247,"data_Maniscalco_2017_expt1.csv"
"755",0.918521018833178,0.680680680680681,7,0.54319918041434,"data_Maniscalco_2017_expt1.csv"
"756",1.74917701609563,0.796,8,1.34763817152455,"data_Maniscalco_2017_expt1.csv"
"757",0.737697732177353,0.65439672801636,9,0.627971839786706,"data_Maniscalco_2017_expt1.csv"
"758",0.266143300717426,0.557856272838002,10,0.0116045671022817,"data_Maniscalco_2017_expt1.csv"
"759",1.62648857631195,0.797365754812563,11,0.274499464341047,"data_Maniscalco_2017_expt1.csv"
"760",3.34483073358183,0.946,12,0.630391263227051,"data_Maniscalco_2017_expt1.csv"
"761",1.62205347500929,0.793,13,1.68477836573074,"data_Maniscalco_2017_expt1.csv"
"762",1.82773434152775,0.900801603206413,14,0.969020798866386,"data_Maniscalco_2017_expt1.csv"
"763",0.492704859759986,0.593186372745491,15,0.554881904182002,"data_Maniscalco_2017_expt1.csv"
"764",1.72917731010944,0.875875875875876,16,2.08377295462507,"data_Maniscalco_2017_expt1.csv"
"765",2.23611310915707,0.836,17,0.905824661862725,"data_Maniscalco_2017_expt1.csv"
"766",1.32086860185987,0.7375,18,1.06199959107566,"data_Maniscalco_2017_expt1.csv"
"767",0.594866275242765,0.622816032887975,19,0.399240392659425,"data_Maniscalco_2017_expt1.csv"
"768",2.7010719864249,0.912,20,1.93162727793357,"data_Maniscalco_2017_expt1.csv"
"769",2.67944175177402,0.918,21,2.79232677060095,"data_Maniscalco_2017_expt1.csv"
"770",1.75036501577844,0.821681864235056,22,-1.09921950145827,"data_Maniscalco_2017_expt1.csv"
"771",1.63606212225178,0.831,23,1.57451502923881,"data_Maniscalco_2017_expt1.csv"
"772",1.70111332194475,0.791791791791792,24,1.65396564989919,"data_Maniscalco_2017_expt1.csv"
"773",1.45175804005259,0.77,25,0.840887172801023,"data_Maniscalco_2017_expt1.csv"
"774",1.12022620294266,0.701,26,0.55649970991598,"data_Maniscalco_2017_expt1.csv"
"775",2.13547931400104,0.880281690140845,27,1.38472865800696,"data_Maniscalco_2017_expt1.csv"
"776",2.25142555233423,0.826,28,1.53524733181684,"data_Maniscalco_2017_expt1.csv"
"777",2.57845793494758,0.891,29,2.40356894573223,"data_Maniscalco_2017_expt1.csv"
"778",1.49022293977248,0.776776776776777,30,1.20006323966263,"data_Maniscalco_2017_expt1.csv"
"779",1.04070478743118,0.686274509803922,1,1.04058524116596,"data_Maniscalco_2017_expt2.csv"
"780",0.445364775607427,0.58695652173913,2,0.342843629263065,"data_Maniscalco_2017_expt2.csv"
"781",0.643769482148215,0.629411764705882,3,0.905239825085082,"data_Maniscalco_2017_expt2.csv"
"782",0.737050852702799,0.654901960784314,4,1.02565804356807,"data_Maniscalco_2017_expt2.csv"
"783",1.30857010238709,0.741106719367589,5,1.31352020757999,"data_Maniscalco_2017_expt2.csv"
"784",1.06846616937435,0.701960784313725,6,1.33849144685756,"data_Maniscalco_2017_expt2.csv"
"785",1.46062255002927,0.76078431372549,7,0.841378502165566,"data_Maniscalco_2017_expt2.csv"
"786",0.608526948207056,0.625490196078431,8,1.48805846963435,"data_Maniscalco_2017_expt2.csv"
"787",0.577969297171483,0.609037328094303,9,0.638151160575538,"data_Maniscalco_2017_expt2.csv"
"788",0.472980202340316,0.590196078431373,10,0.306200820853278,"data_Maniscalco_2017_expt2.csv"
"789",0.747600500331102,0.63905325443787,11,0.179510275628397,"data_Maniscalco_2017_expt2.csv"
"790",0.821020504491928,0.66078431372549,12,1.29716494107258,"data_Maniscalco_2017_expt2.csv"
"791",1.3631888285648,0.766208251473477,13,1.50376550981532,"data_Maniscalco_2017_expt2.csv"
"792",0.927623363582961,0.664705882352941,14,0.688573819873718,"data_Maniscalco_2017_expt2.csv"
"793",1.36340768126201,0.794117647058823,15,1.77483992572753,"data_Maniscalco_2017_expt2.csv"
"794",2.03842106936096,0.844793713163065,16,1.51156513738061,"data_Maniscalco_2017_expt2.csv"
"795",1.07811641277384,0.717647058823529,17,1.38126765577567,"data_Maniscalco_2017_expt2.csv"
"796",1.39267208562631,0.786274509803922,18,1.15115412602116,"data_Maniscalco_2017_expt2.csv"
"797",1.18044014370134,0.724409448818898,19,1.25653035507943,"data_Maniscalco_2017_expt2.csv"
"798",1.26831205897214,0.729411764705882,20,1.76892718671724,"data_Maniscalco_2017_expt2.csv"
"799",1.25345467281558,0.694117647058824,21,1.12398395241071,"data_Maniscalco_2017_expt2.csv"
"800",0.8952272754653,0.662745098039216,22,0.810036640618351,"data_Maniscalco_2017_expt2.csv"
"801",0.824702758764732,0.677799607072692,23,0.643687878000876,"data_Maniscalco_2017_expt2.csv"
"802",1.99298881157368,0.83921568627451,24,1.41742073253634,"data_Maniscalco_2017_expt2.csv"
"803",0.8751578443414,0.664047151277014,25,1.13305264808742,"data_Maniscalco_2017_expt2.csv"
"804",0.653901961993309,0.626,26,0.624907628487848,"data_Maniscalco_2017_expt2.csv"
"805",1.49937299544762,0.77843137254902,27,1.49149235097645,"data_Maniscalco_2017_expt2.csv"
"806",0.715617972485652,0.623529411764706,28,0.713850658958392,"data_Maniscalco_2017_expt2.csv"
"807",1.21552500997139,0.719607843137255,29,0.820085729071465,"data_Maniscalco_2017_expt2.csv"
"808",1.10202605735365,0.711693548387097,30,1.23490591295157,"data_Maniscalco_2017_expt2.csv"
"809",1.0231981109262,0.743137254901961,31,0.716393756617778,"data_Maniscalco_2017_expt2.csv"
"810",2.09664829272324,0.784584980237154,32,1.82856004781005,"data_Maniscalco_2017_expt2.csv"
"811",2.0199426803715,0.81532416502947,33,1.46462163360368,"data_Maniscalco_2017_expt2.csv"
"812",1.4829014604994,0.732283464566929,34,1.39149974451227,"data_Maniscalco_2017_expt2.csv"
"813",0.83295262217979,0.659448818897638,35,0.650860772486957,"data_Maniscalco_2017_expt2.csv"
"814",1.75028633123876,0.809803921568627,36,1.75421911863891,"data_Maniscalco_2017_expt2.csv"
"815",1.28433961296451,0.756385068762279,37,0.728519763681039,"data_Maniscalco_2017_expt2.csv"
"816",1.29373818184064,0.779092702169625,38,0.639748591617449,"data_Maniscalco_2017_expt2.csv"
"817",1.47217826078729,0.770588235294118,39,1.53145349640592,"data_Maniscalco_2017_expt2.csv"
"818",1.58061373279515,0.789783889980354,40,1.05604254204611,"data_Maniscalco_2017_expt2.csv"
"819",1.45925037522741,0.756916996047431,41,-0.246100897857096,"data_Maniscalco_2017_expt2.csv"
"820",1.8040743868564,0.801075268817204,1,0.886685314980238,"data_Maniscalco_2017_expt3.csv"
"821",1.19242630252018,0.713903743315508,2,1.20377491962798,"data_Maniscalco_2017_expt3.csv"
"822",1.45755113992386,0.769851951547779,3,1.66014001682812,"data_Maniscalco_2017_expt3.csv"
"823",2.47923822269068,0.89142091152815,4,1.38686711810332,"data_Maniscalco_2017_expt3.csv"
"824",2.86508431869636,0.886058981233244,5,1.34740717531169,"data_Maniscalco_2017_expt3.csv"
"825",1.57231300734717,0.787919463087248,6,0.803615988421621,"data_Maniscalco_2017_expt3.csv"
"826",1.83573286478496,0.830188679245283,7,1.42994183860807,"data_Maniscalco_2017_expt3.csv"
"827",1.77128235899727,0.805825242718447,8,0.0406932748955245,"data_Maniscalco_2017_expt3.csv"
"828",0.973500093473053,0.697503671071953,9,1.01214307585762,"data_Maniscalco_2017_expt3.csv"
"829",2.09523165704424,0.824561403508772,10,1.58252499445435,"data_Maniscalco_2017_expt3.csv"
"830",2.39770008671149,0.843582887700535,11,1.38152517798647,"data_Maniscalco_2017_expt3.csv"
"831",2.64580212461886,0.862771739130435,12,2.34669501651015,"data_Maniscalco_2017_expt3.csv"
"832",2.00117959129332,0.822429906542056,13,2.34110829874116,"data_Maniscalco_2017_expt3.csv"
"833",1.78846718366125,0.795423956931359,14,1.4989077856483,"data_Maniscalco_2017_expt3.csv"
"834",1.27748882580054,0.739766081871345,15,0.891936462407583,"data_Maniscalco_2017_expt3.csv"
"835",1.27748882580054,0.739766081871345,16,0.891936462407583,"data_Maniscalco_2017_expt3.csv"
"836",1.14185430316619,0.714477211796247,17,1.25573589837485,"data_Maniscalco_2017_expt3.csv"
"837",1.89737802199823,0.922043010752688,18,0.97493996478058,"data_Maniscalco_2017_expt3.csv"
"838",1.48425961156727,0.757738896366083,19,1.45154174779376,"data_Maniscalco_2017_expt3.csv"
"839",0.994866495773303,0.698895027624309,20,0.5825214510888,"data_Maniscalco_2017_expt3.csv"
"840",1.41206765665703,0.789115646258503,21,1.10672395432651,"data_Maniscalco_2017_expt3.csv"
"841",1.10811090972737,0.695302013422819,1,1.33540225518575,"data_Maniscalco_2017_expt4.csv"
"842",2.23448144684839,0.882352941176471,2,1.77710626545839,"data_Maniscalco_2017_expt4.csv"
"843",1.5831172500505,0.795392953929539,3,1.37042044078126,"data_Maniscalco_2017_expt4.csv"
"844",1.90901133736216,0.816599732262383,4,1.85302274538042,"data_Maniscalco_2017_expt4.csv"
"845",2.63874927466265,0.933155080213904,5,2.47421143452394,"data_Maniscalco_2017_expt4.csv"
"846",1.17814472436405,0.703103913630229,6,1.27220997266308,"data_Maniscalco_2017_expt4.csv"
"847",1.49807389174852,0.773279352226721,7,1.1851756849059,"data_Maniscalco_2017_expt4.csv"
"848",1.58826808891208,0.781121751025992,8,0.639681822331888,"data_Maniscalco_2017_expt4.csv"
"849",2.2387096668815,0.8544474393531,9,0.792583824173244,"data_Maniscalco_2017_expt4.csv"
"850",1.02244387571042,0.713888888888889,10,0.968485906274829,"data_Maniscalco_2017_expt4.csv"
"851",2.44667357550645,0.889185580774366,11,2.58101163741104,"data_Maniscalco_2017_expt4.csv"
"852",1.69099268997384,0.783892617449664,12,1.52575487327208,"data_Maniscalco_2017_expt4.csv"
"853",1.85972266469455,0.79384203480589,13,1.5025954657536,"data_Maniscalco_2017_expt4.csv"
"854",2.77728762481655,0.888739946380697,14,2.46643615244515,"data_Maniscalco_2017_expt4.csv"
"855",1.90204431617966,0.802968960863698,15,0.765064370666811,"data_Maniscalco_2017_expt4.csv"
"856",1.93022862499904,0.865951742627346,16,1.61580959287376,"data_Maniscalco_2017_expt4.csv"
"857",1.88597505157399,0.821476510067114,17,2.02343109063672,"data_Maniscalco_2017_expt4.csv"
"858",2.2775748934434,0.788170563961486,18,0.457895610157524,"data_Maniscalco_2017_expt4.csv"
"859",2.45085500717091,0.897196261682243,19,2.48540331706108,"data_Maniscalco_2017_expt4.csv"
"860",1.75431536952812,0.800268096514745,20,1.65536179796064,"data_Maniscalco_2017_expt4.csv"
"861",3.31767244621219,0.937081659973226,21,2.5962630368575,"data_Maniscalco_2017_expt4.csv"
"862",1.50817941159239,0.796,22,1.526142195884,"data_Maniscalco_2017_expt4.csv"
"863",2.03127973081067,0.848525469168901,23,2.72369066717904,"data_Maniscalco_2017_expt4.csv"
"864",2.81747722482732,0.927613941018767,24,3.26033156679522,"data_Maniscalco_2017_expt4.csv"
"865",1.77246344343311,0.827725437415882,25,1.84922658384588,"data_Maniscalco_2017_expt4.csv"
"866",1.53709597513104,0.798920377867746,26,1.65387277184802,"data_Maniscalco_2017_expt4.csv"
"867",2.32839252431675,0.867567567567568,27,1.23669858695131,"data_Maniscalco_2017_expt4.csv"
"868",1.4391411123698,0.779778393351801,28,0.955774345584755,"data_Maniscalco_2017_expt4.csv"
"869",1.51638853243527,0.783673469387755,29,1.57659201223065,"data_Maniscalco_2017_expt4.csv"
"870",2.19389294901026,0.848,30,1.99285353968563,"data_Maniscalco_2017_expt4.csv"
"871",1.13407625681219,0.698391420911528,31,0.627472894259806,"data_Maniscalco_2017_expt4.csv"
"872",1.51615300358459,0.85140562248996,32,0.040961890974473,"data_Maniscalco_2017_expt4.csv"
"873",1.95445866404687,0.833557046979866,33,2.29579502779266,"data_Maniscalco_2017_expt4.csv"
"874",1.80540358385753,0.855555555555556,1,1.80783628529052,"data_Shekhar_2018.csv"
"875",1.34287321539806,0.748611111111111,2,-0.0980289116264648,"data_Shekhar_2018.csv"
"876",1.75464953105672,0.825,3,1.39380346313584,"data_Shekhar_2018.csv"
"877",1.14382888665112,0.729166666666667,4,0.360548296583334,"data_Shekhar_2018.csv"
"878",2.45662770442645,0.848611111111111,5,0.916890815597235,"data_Shekhar_2018.csv"
"879",2.19675182778535,0.847222222222222,6,1.73961009348331,"data_Shekhar_2018.csv"
"880",1.52092218156079,0.754166666666667,7,1.39591491360324,"data_Shekhar_2018.csv"
"881",1.44897576569139,0.770833333333333,8,1.05186657821404,"data_Shekhar_2018.csv"
"882",1.30281237350123,0.758333333333333,9,0.770792990491736,"data_Shekhar_2018.csv"
"883",2.70032562772025,0.906944444444444,10,1.63234788688215,"data_Shekhar_2018.csv"
"884",1.86740797457069,0.830555555555556,11,0.89109728043919,"data_Shekhar_2018.csv"
"885",1.79866933580127,0.786111111111111,12,0.434611745200853,"data_Shekhar_2018.csv"
"886",1.32251103729244,0.734722222222222,13,1.60860007095276,"data_Shekhar_2018.csv"
"887",2.07828494615079,0.818055555555556,14,1.20326815181399,"data_Shekhar_2018.csv"
"888",0.974918961378442,0.672222222222222,15,1.16102952698188,"data_Shekhar_2018.csv"
"889",1.82180490462039,0.826388888888889,16,1.21832994948397,"data_Shekhar_2018.csv"
"890",1.58781332142237,0.781944444444444,17,1.44360073875304,"data_Shekhar_2018.csv"
"891",1.92423017342353,0.856944444444444,18,1.58682072531365,"data_Shekhar_2018.csv"
"892",1.6380178540333,0.797222222222222,19,1.05186792514417,"data_Shekhar_2018.csv"
"893",1.97774242002329,0.795649509803922,1,0.957898834459699,"data_Sherman_2016_JOCN.csv"
"894",2.64859302155823,0.834753787878788,2,1.90334177144669,"data_Sherman_2016_JOCN.csv"
"895",3.12822388617594,0.8515625,3,1.4876771033626,"data_Sherman_2016_JOCN.csv"
"896",3.45790706586721,0.838541666666667,4,1.30590519254845,"data_Sherman_2016_JOCN.csv"
"897",2.73680608786057,0.841579861111111,5,1.15365565960037,"data_Sherman_2016_JOCN.csv"
"898",2.5639175438508,0.828926282051282,6,2.17160441727689,"data_Sherman_2016_JOCN.csv"
"899",1.73242734953942,0.789930555555556,7,0.629715348466742,"data_Sherman_2016_JOCN.csv"
"900",2.44308586954207,0.825520833333333,8,0.449509871042482,"data_Sherman_2016_JOCN.csv"
"901",2.99352873707512,0.84280303030303,9,2.09656260550698,"data_Sherman_2016_JOCN.csv"
"902",2.72149970559796,0.855324074074074,10,1.19903628300145,"data_Sherman_2016_JOCN.csv"
"903",2.65070920189213,0.841145833333333,11,1.30287260424631,"data_Sherman_2016_JOCN.csv"
"904",2.66117375863428,0.827743902439024,12,1.87263013679817,"data_Sherman_2016_JOCN.csv"
"905",2.61712254999937,0.835648148148148,13,0.283082808298781,"data_Sherman_2016_JOCN.csv"
"906",2.13833867932272,0.833333333333333,14,1.07936573375447,"data_Sherman_2016_JOCN.csv"
"907",3.22776772990986,0.844184027777778,15,2.15895974608858,"data_Sherman_2016_JOCN.csv"
"908",2.43690227242293,0.818142361111111,16,0.781621278540254,"data_Sherman_2016_JOCN.csv"
"909",3.20820683689395,0.847470238095238,17,0.782356812998596,"data_Sherman_2016_JOCN.csv"
"910",3.63160805276079,0.852604166666667,18,1.81996769323197,"data_Sherman_2016_JOCN.csv"
"911",2.0231915638817,0.873737373737374,1,-0.103112804646405,"data_Siedlecka_2019.csv"
"912",0.971729188669307,0.6775,2,1.02694055181156,"data_Siedlecka_2019.csv"
"913",1.72519364684542,0.8425,3,1.75483524511405,"data_Siedlecka_2019.csv"
"914",0.341817461011158,0.568922305764411,4,-0.252577563817012,"data_Siedlecka_2019.csv"
"915",2.43257816977057,0.817042606516291,5,1.33760878291594,"data_Siedlecka_2019.csv"
"916",2.02801276007528,0.827067669172932,6,1.66215271788782,"data_Siedlecka_2019.csv"
"917",0.941261632723223,0.694656488549618,7,1.32305354558025,"data_Siedlecka_2019.csv"
"918",0.486853251706812,0.5975,8,-0.0701668498869632,"data_Siedlecka_2019.csv"
"919",0.788160874113762,0.655778894472362,9,0.669700125178408,"data_Siedlecka_2019.csv"
"920",1.29904390819621,0.726130653266332,10,0.970967780641439,"data_Siedlecka_2019.csv"
"921",2.57651076480374,0.989949748743719,11,1.91807308817353,"data_Siedlecka_2019.csv"
"922",1.02454585012819,0.668354430379747,12,0.697928354434116,"data_Siedlecka_2019.csv"
"923",1.228315436037,0.693766937669377,13,0.721922282954312,"data_Siedlecka_2019.csv"
"924",-0.0398553707331176,0.492462311557789,14,0.0408677282592713,"data_Siedlecka_2019.csv"
"925",0.467812955345854,0.5825,15,0.179219752559403,"data_Siedlecka_2019.csv"
"926",2.5161106970245,0.914786967418546,16,2.04743506159621,"data_Siedlecka_2019.csv"
"927",1.41446359561857,0.789473684210526,17,0.0219393666277249,"data_Siedlecka_2019.csv"
"928",1.66264848814431,0.8,18,1.32262839446066,"data_Siedlecka_2019.csv"
"929",0.650307470322736,0.635,19,0.00925516934115638,"data_Siedlecka_2019.csv"
"930",1.72199742464551,0.750629722921914,20,0.605769696776366,"data_Siedlecka_2019.csv"
"931",0.460425635756732,0.58,21,-0.154335509056266,"data_Siedlecka_2019.csv"
"932",1.76501465939567,0.855329949238579,22,0.621994749769396,"data_Siedlecka_2019.csv"
"933",-3.04039050344259,0.0812182741116751,23,-2.27491076632588,"data_Siedlecka_2019.csv"
"934",1.47296238186481,0.789340101522843,24,0.571943916850947,"data_Siedlecka_2019.csv"
"935",1.93765948932627,0.805555555555556,25,1.25030267487216,"data_Siedlecka_2019.csv"
"936",1.41015408476678,0.698492462311558,26,1.8353875361049,"data_Siedlecka_2019.csv"
"937",2.72636102568193,0.8775,27,1.84735712232958,"data_Siedlecka_2019.csv"
"938",0.735154565292648,0.630653266331658,28,0.417216097011859,"data_Siedlecka_2019.csv"
"939",0.500666732466448,0.593830334190231,29,0.574506059793101,"data_Siedlecka_2019.csv"
"940",2.57340103303394,0.895,30,2.0469861239051,"data_Siedlecka_2019.csv"
"941",1.64387899906821,0.78030303030303,31,0.0592744979059173,"data_Siedlecka_2019.csv"
"942",1.32909803925935,0.676691729323308,32,0.570181200707836,"data_Siedlecka_2019.csv"
"943",2.0914230575048,0.8525,33,2.08377715298814,"data_Siedlecka_2019.csv"
"944",1.85608917083856,0.835,34,1.47013515532748,"data_Siedlecka_2019.csv"
"945",1.9392635937016,0.887218045112782,35,0.899223412074986,"data_Siedlecka_2019.csv"
"946",1.26274124090043,0.73,36,0.0648151088438665,"data_Siedlecka_2019.csv"
"947",0.588815126635173,0.579365079365079,37,0.270087842010974,"data_Siedlecka_2019.csv"
"948",1.64033319873238,0.80375,1,1.49615950551398,"data_vanBoxtel_2019_Expt1.csv"
"949",1.55982841556627,0.801875,2,1.98199080511666,"data_vanBoxtel_2019_Expt1.csv"
"950",1.71497893718247,0.795,3,1.82128639542627,"data_vanBoxtel_2019_Expt1.csv"
"951",2.10327027724133,0.85,4,2.15917674284099,"data_vanBoxtel_2019_Expt1.csv"
"952",1.66404724241496,0.784375,5,1.95058022804165,"data_vanBoxtel_2019_Expt1.csv"
"953",2.66128424891058,0.888125,6,1.90236469635209,"data_vanBoxtel_2019_Expt1.csv"
"954",1.74347250366472,0.79875,7,1.2290620727023,"data_vanBoxtel_2019_Expt1.csv"
"955",1.77465654920504,0.825,8,2.10979649523,"data_vanBoxtel_2019_Expt1.csv"
"956",0.684919382980424,0.62875,9,0.24256818638208,"data_vanBoxtel_2019_Expt1.csv"
"957",2.0224591483263,0.83625,10,1.67650778416283,"data_vanBoxtel_2019_Expt1.csv"
"958",1.58158606851083,0.765,11,1.71518744598386,"data_vanBoxtel_2019_Expt1.csv"
"959",1.65775129147236,0.8,12,1.7249967697249,"data_vanBoxtel_2019_Expt1.csv"
"960",1.44167386245117,0.759375,13,1.76042889720475,"data_vanBoxtel_2019_Expt1.csv"
"961",1.26547163855074,0.755625,14,1.76826297626331,"data_vanBoxtel_2019_Expt1.csv"
"962",1.63812693155512,0.78375,15,1.94529997739457,"data_vanBoxtel_2019_Expt1.csv"
"963",1.7324136511247,0.786875,16,2.33442886447736,"data_vanBoxtel_2019_Expt1.csv"
"964",1.32190667685825,0.74875,17,0.848930436622841,"data_vanBoxtel_2019_Expt1.csv"
"965",1.07424179473563,0.71,18,1.39033539484425,"data_vanBoxtel_2019_Expt1.csv"
"966",1.70494105175864,0.8125,19,1.6992741610127,"data_vanBoxtel_2019_Expt1.csv"
"967",0.662913178843916,0.624375,20,0.848494021662975,"data_vanBoxtel_2019_Expt1.csv"
"968",1.99942654410526,0.84875,21,2.03336581724565,"data_vanBoxtel_2019_Expt1.csv"
"969",1.89388733425043,0.82875,22,2.04537698675517,"data_vanBoxtel_2019_Expt1.csv"
"970",1.17363185741184,0.7225,23,1.75228006795723,"data_vanBoxtel_2019_Expt1.csv"
"971",2.18897796984972,0.845625,24,2.00289754006875,"data_vanBoxtel_2019_Expt1.csv"
"972",1.62759345963639,0.783125,25,2.1851147997521,"data_vanBoxtel_2019_Expt1.csv"
"973",1.6507517237747,0.785,26,1.13346121259654,"data_vanBoxtel_2019_Expt1.csv"
"974",0.876922000740977,0.659375,27,0.884879491715658,"data_vanBoxtel_2019_Expt1.csv"
"975",1.6055298671835,0.781875,28,2.0708239229278,"data_vanBoxtel_2019_Expt1.csv"
"976",1.71833169675739,0.780625,29,1.77872845569566,"data_vanBoxtel_2019_Expt1.csv"
"977",1.80426342217905,0.810625,30,2.15384530643172,"data_vanBoxtel_2019_Expt1.csv"
"978",2.18097056740572,0.87125,31,2.14740082342474,"data_vanBoxtel_2019_Expt1.csv"
"979",1.13314829423604,0.724375,32,1.60930666170054,"data_vanBoxtel_2019_Expt1.csv"
"980",2.01719933584341,0.84875,33,2.01673959317212,"data_vanBoxtel_2019_Expt1.csv"
"981",1.30074707404064,0.75,34,1.44760136735408,"data_vanBoxtel_2019_Expt1.csv"
"982",2.04974782098537,0.88125,35,1.82312751788145,"data_vanBoxtel_2019_Expt1.csv"
"983",1.46588805705402,0.761875,36,1.26346562148103,"data_vanBoxtel_2019_Expt1.csv"
"984",1.34162078168474,0.75125,37,1.17369251769774,"data_vanBoxtel_2019_Expt1.csv"
"985",2.03714153013549,0.825625,38,1.64383493306857,"data_vanBoxtel_2019_Expt1.csv"
"986",1.68642144102579,0.814375,39,1.3411754384279,"data_vanBoxtel_2019_Expt1.csv"
"987",1.56968346622548,0.77375,40,1.00939750770291,"data_vanBoxtel_2019_Expt1.csv"
"988",1.4446795843484,0.76875,41,1.6201034421563,"data_vanBoxtel_2019_Expt1.csv"
"989",1.59231459297877,0.75,42,0.553103083783933,"data_vanBoxtel_2019_Expt1.csv"
"990",1.83901793241154,0.821875,43,2.1475250790629,"data_vanBoxtel_2019_Expt1.csv"
"991",1.67464094836953,0.8,44,2.08760179860746,"data_vanBoxtel_2019_Expt1.csv"
"992",2.0293213864747,0.844375,45,2.00030612700475,"data_vanBoxtel_2019_Expt1.csv"
"993",1.27811101355786,0.733125,1,0.770033721976664,"data_vanBoxtel_2019_Expt2.csv"
"994",2.28970919242595,0.88375,2,2.21985863488553,"data_vanBoxtel_2019_Expt2.csv"
"995",1.88512950883797,0.871875,3,1.23866683149899,"data_vanBoxtel_2019_Expt2.csv"
"996",2.85846997970474,0.938125,4,2.30043579004569,"data_vanBoxtel_2019_Expt2.csv"
"997",2.44344441907978,0.884375,5,2.04413935243154,"data_vanBoxtel_2019_Expt2.csv"
"998",2.10118774831819,0.845,6,0.82761449590612,"data_vanBoxtel_2019_Expt2.csv"
"999",2.58446561210628,0.8675,7,2.55231878532674,"data_vanBoxtel_2019_Expt2.csv"
"1000",1.89638856113179,0.840625,8,0.951931803027469,"data_vanBoxtel_2019_Expt2.csv"
"1001",0.466955988004306,0.590625,9,-0.0612865834110484,"data_vanBoxtel_2019_Expt2.csv"
"1002",0.970976086857008,0.685,10,0.387741809631957,"data_vanBoxtel_2019_Expt2.csv"
"1003",0.276839557919018,0.555,11,0.189038628485483,"data_vanBoxtel_2019_Expt2.csv"
"1004",2.09060654020362,0.83375,12,2.3089691645361,"data_vanBoxtel_2019_Expt2.csv"
"1005",2.13976257889682,0.853125,13,1.94806730208012,"data_vanBoxtel_2019_Expt2.csv"
"1006",0.0125185993548557,0.5025,14,-0.093259763079909,"data_vanBoxtel_2019_Expt2.csv"
"1007",1.14094493876178,0.73,15,-0.0736808668491149,"data_vanBoxtel_2019_Expt2.csv"
"1008",0.759292983330098,0.645,16,0.260239786220621,"data_vanBoxtel_2019_Expt2.csv"
"1009",0.200942219678011,0.515625,17,-0.00432801342320042,"data_vanBoxtel_2019_Expt2.csv"
"1010",1.17743040868239,0.71875,18,1.16754348133477,"data_vanBoxtel_2019_Expt2.csv"
"1011",1.83480279662645,0.85375,19,1.5460003036382,"data_vanBoxtel_2019_Expt2.csv"
"1012",1.57565550982884,0.725,20,0.847892736030879,"data_vanBoxtel_2019_Expt2.csv"
"1013",0.0460030264245316,0.509375,21,0.23602461875318,"data_vanBoxtel_2019_Expt2.csv"
"1014",2.25616847418387,0.838125,22,1.90090001740581,"data_vanBoxtel_2019_Expt2.csv"
"1015",0.868180672274718,0.5875,23,0.734127287846557,"data_vanBoxtel_2019_Expt2.csv"
"1016",1.11480853304143,0.704375,24,0.998366371747981,"data_vanBoxtel_2019_Expt2.csv"
"1017",1.3542636883712,0.769375,25,0.521115995540537,"data_vanBoxtel_2019_Expt2.csv"
"1018",0.251879735977844,0.54875,26,-0.0500918542040333,"data_vanBoxtel_2019_Expt2.csv"
"1019",2.25678349279317,0.824375,27,2.99383345098026,"data_vanBoxtel_2019_Expt2.csv"
"1020",1.56836739879746,0.70625,28,0.0511011088871807,"data_vanBoxtel_2019_Expt2.csv"
"1021",1.90177390899071,0.76,29,1.46013738363665,"data_vanBoxtel_2019_Expt2.csv"
"1022",0.837186719276361,0.66375,30,0.962829424220909,"data_vanBoxtel_2019_Expt2.csv"
"1023",0.0347946968428474,0.503125,31,0.00328863648374338,"data_vanBoxtel_2019_Expt2.csv"
"1024",0.608550534987596,0.62125,32,0.191722350186456,"data_vanBoxtel_2019_Expt2.csv"
"1025",0.0433119339275259,0.5075,33,0.0153704502949099,"data_vanBoxtel_2019_Expt2.csv"
"1026",2.09854960456691,0.796875,34,1.94775463556956,"data_vanBoxtel_2019_Expt2.csv"
"1027",1.44397896138685,0.745625,35,0.845354591207067,"data_vanBoxtel_2019_Expt2.csv"
"1028",0.656653967790738,0.6225,36,0.215129737202581,"data_vanBoxtel_2019_Expt2.csv"
"1029",0.908294945138768,0.66125,37,1.00117235649488,"data_vanBoxtel_2019_Expt2.csv"
"1030",1.59066041314772,0.91644908616188,109,2.24328124351261,"data_Wierzchon_2014.csv"
"1031",3.08359950604537,0.892950391644909,22,2.53410049383711,"data_Wierzchon_2014.csv"
"1032",2.44906641218111,0.940104166666667,35,2.77607078945516,"data_Wierzchon_2014.csv"
"1033",2.7055069110435,0.981770833333333,6,2.11640104587037,"data_Wierzchon_2014.csv"
"1034",1.81987045197876,0.890625,75,2.42758599373712,"data_Wierzchon_2014.csv"
"1035",3.30184284417163,0.947916666666667,107,3.66186335653455,"data_Wierzchon_2014.csv"
"1036",3.85428057547258,0.973890339425587,132,2.53765147000874,"data_Wierzchon_2014.csv"
"1037",3.05342742941572,0.947916666666667,85,3.31688101278105,"data_Wierzchon_2014.csv"
"1038",3.16518814857518,0.941489361702128,25,3.54742202439623,"data_Wierzchon_2014.csv"
"1039",2.02776474992738,0.953125,119,3.60977448192831,"data_Wierzchon_2014.csv"
"1040",3.1299611524934,0.955729166666667,137,3.37771028790729,"data_Wierzchon_2014.csv"
"1041",3.15499739691065,0.9296875,8,3.42149006891448,"data_Wierzchon_2014.csv"
"1042",4.02414842811155,0.9765625,72,2.35403259143965,"data_Wierzchon_2014.csv"
"1043",3.63328450873085,0.960629921259842,94,3.54475858681519,"data_Wierzchon_2014.csv"
"1044",2.45932385968399,0.953125,54,1.00559813459538,"data_Wierzchon_2014.csv"
"1045",2.62516616896639,0.963541666666667,9,2.95304673641158,"data_Wierzchon_2014.csv"
"1046",3.12575862257861,0.942708333333333,16,3.70560348394095,"data_Wierzchon_2014.csv"
"1047",2.59014451136511,0.950520833333333,36,1.57271844273219,"data_Wierzchon_2014.csv"
"1048",3.41022347106112,0.955729166666667,129,3.46305127216643,"data_Wierzchon_2014.csv"
"1049",3.35249146557779,0.947916666666667,7,3.91941183084579,"data_Wierzchon_2014.csv"
"1050",3.06047807198285,0.916230366492147,123,2.61570004865706,"data_Wierzchon_2014.csv"
"1051",2.34958469821418,0.953002610966057,70,1.78135349697,"data_Wierzchon_2014.csv"
"1052",2.70751509018295,0.926027397260274,4,-1.32473764176152,"data_Wierzchon_2014.csv"
"1053",2.9810551911008,0.966145833333333,71,2.15367979831227,"data_Wierzchon_2014.csv"
"1054",2.60238366843312,0.9765625,26,3.36472561644455,"data_Wierzchon_2014.csv"
"1055",2.35795429105458,0.924479166666667,77,2.99629545649047,"data_Wierzchon_2014.csv"
"1056",1.61348644477153,0.895833333333333,79,2.69017011328498,"data_Wierzchon_2014.csv"
"1057",2.86092228318426,0.958333333333333,50,3.05899367851721,"data_Wierzchon_2014.csv"
"1058",2.71978683956699,0.9140625,27,3.31267777946223,"data_Wierzchon_2014.csv"
"1059",2.42878091168816,0.950391644908616,45,3.71533613314921,"data_Wierzchon_2014.csv"
"1060",2.90159643211971,0.903645833333333,51,2.28562284175174,"data_Wierzchon_2014.csv"
"1061",3.47465032864316,0.9375,95,-2.91976993827218,"data_Wierzchon_2014.csv"
"1062",2.30946506297829,0.953125,57,3.34045896241894,"data_Wierzchon_2014.csv"
"1063",3.81405352667773,0.96875,136,3.54699739120476,"data_Wierzchon_2014.csv"
"1064",2.74886820494923,0.947916666666667,143,3.52062485317878,"data_Wierzchon_2014.csv"
"1065",2.7451426531372,0.791666666666667,39,2.55312606571974,"data_Wierzchon_2014.csv"
"1066",2.06283550279392,0.940104166666667,96,3.08370551741267,"data_Wierzchon_2014.csv"
"1067",3.38600629030031,0.940104166666667,149,4.10284835325004,"data_Wierzchon_2014.csv"
"1068",3.09655956161084,0.921875,11,3.1628576590759,"data_Wierzchon_2014.csv"
"1069",1.69899013673538,0.945169712793734,154,3.54480310168232,"data_Wierzchon_2014.csv"
"1070",4.37292248998595,0.9765625,1,3.56984025422109,"data_Wierzchon_2014.csv"
"1071",1.94738292936681,0.934210526315789,2,1.50901415047203,"data_Wierzchon_2014.csv"
"1072",2.31280431965334,0.955613577023499,41,3.30430250893304,"data_Wierzchon_2014.csv"
"1073",1.88506007326241,0.932291666666667,147,2.32208510096744,"data_Wierzchon_2014.csv"
"1074",3.5197882651599,0.9765625,37,2.46442928045459,"data_Wierzchon_2014.csv"
"1075",3.76982509399933,0.947916666666667,103,3.61771616390723,"data_Wierzchon_2014.csv"
"1076",1.42318029103414,0.903394255874674,20,2.42623423366415,"data_Wierzchon_2014.csv"
"1077",3.7962300531897,0.966145833333333,125,4.1913632801448,"data_Wierzchon_2014.csv"
"1078",3.32107239861131,0.981770833333333,142,3.25245983020335,"data_Wierzchon_2014.csv"
"1079",1.98872126120095,0.966145833333333,55,2.18015654398842,"data_Wierzchon_2014.csv"
"1080",1.67963595787811,0.911458333333333,100,2.27808308240509,"data_Wierzchon_2014.csv"
"1081",2.191664190688,0.877604166666667,145,2.84255140895092,"data_Wierzchon_2014.csv"
"1082",2.25041979681776,0.919270833333333,140,2.73546907938184,"data_Wierzchon_2014.csv"
"1083",2.94171232565408,0.96875,56,3.56962551273852,"data_Wierzchon_2014.csv"
"1084",3.93129704121614,0.96875,155,4.21786630275995,"data_Wierzchon_2014.csv"
"1085",3.55832954911773,0.963541666666667,30,3.45530613908704,"data_Wierzchon_2014.csv"
"1086",2.45396640763866,0.848958333333333,121,2.70027967355386,"data_Wierzchon_2014.csv"
"1087",2.91985707857701,0.942708333333333,61,0.987286011684859,"data_Wierzchon_2014.csv"
"1088",3.44958755708126,0.963541666666667,60,4.36621028525161,"data_Wierzchon_2014.csv"
"1089",3.58499680598304,0.979166666666667,139,3.41011467697242,"data_Wierzchon_2014.csv"
"1090",3.78584349660192,0.973890339425587,32,3.98076276855901,"data_Wierzchon_2014.csv"
"1091",3.119533194632,0.934895833333333,48,2.9436846237479,"data_Wierzchon_2014.csv"
"1092",3.68873578690796,0.947916666666667,152,3.54037585944655,"data_Wierzchon_2014.csv"
"1093",2.21060633551549,0.947916666666667,18,3.84238326424803,"data_Wierzchon_2014.csv"
"1094",1.88074401599319,0.8515625,116,1.32019994508855,"data_Wierzchon_2014.csv"
"1095",2.01954958651241,0.9609375,62,2.44160542851744,"data_Wierzchon_2014.csv"
"1096",2.09596428322528,0.879265091863517,68,3.01389858811132,"data_Wierzchon_2014.csv"
"1097",2.76828056576727,0.963446475195822,17,2.74545250936033,"data_Wierzchon_2014.csv"
"1098",3.39561045004182,0.958333333333333,126,3.55074301435374,"data_Wierzchon_2014.csv"
"1099",3.02510035315292,0.966145833333333,24,4.32602618464483,"data_Wierzchon_2014.csv"
"1100",1.30501364244338,0.934895833333333,135,2.14063489435384,"data_Wierzchon_2014.csv"
"1101",3.1841487770304,0.940104166666667,124,3.2085299498252,"data_Wierzchon_2014.csv"
"1102",2.68256990889359,0.902374670184697,69,2.22773843969041,"data_Wierzchon_2014.csv"
"1103",1.70255562897279,0.829842931937173,10,2.32902669239825,"data_Wierzchon_2014.csv"
"1104",2.24470585801174,0.910526315789474,46,2.51510851316093,"data_Wierzchon_2014.csv"
"1105",2.36858735034252,0.953125,58,2.95009484040939,"data_Wierzchon_2014.csv"
"1106",3.46041717601397,0.973890339425587,93,3.30985491070234,"data_Wierzchon_2014.csv"
"1107",3.08549780074713,0.940104166666667,23,4.08260763143722,"data_Wierzchon_2014.csv"
"1108",2.94483573920958,0.940104166666667,43,2.97865822135426,"data_Wierzchon_2014.csv"
"1109",2.65802500768012,0.9609375,153,1.60698421662078,"data_Wierzchon_2014.csv"
"1110",1.24012634387801,0.892105263157895,120,2.32646646587652,"data_Wierzchon_2014.csv"
"1111",2.66592451788467,0.9609375,33,1.42157666336369,"data_Wierzchon_2014.csv"
"1112",2.47718839404047,0.963541666666667,131,1.50235175443456,"data_Wierzchon_2014.csv"
"1113",3.13824409564919,0.942408376963351,122,3.29997280299388,"data_Wierzchon_2014.csv"
"1114",2.76396683105846,0.932114882506527,102,1.43255134652912,"data_Wierzchon_2014.csv"
"1115",1.53077724207138,0.859375,99,0.66460250541304,"data_Wierzchon_2014.csv"
"1116",2.60827846503571,0.924479166666667,111,2.28736454245496,"data_Wierzchon_2014.csv"
"1117",3.33501695357719,0.958333333333333,148,3.2279470350259,"data_Wierzchon_2014.csv"
"1118",2.1798402328031,0.950131233595801,15,3.1566841752859,"data_Wierzchon_2014.csv"
"1119",3.26141586318845,0.958333333333333,89,1.91758318263788,"data_Wierzchon_2014.csv"
"1120",2.70804006369898,0.950520833333333,12,3.16854043971673,"data_Wierzchon_2014.csv"
"1121",3.02771290437517,0.950261780104712,78,2.19813982980708,"data_Wierzchon_2014.csv"
"1122",2.92202151092789,0.903645833333333,91,2.8652445542856,"data_Wierzchon_2014.csv"
"1123",3.01460649634661,0.950391644908616,13,3.44497977512388,"data_Wierzchon_2014.csv"
"1124",2.67953233790528,0.965968586387435,49,2.58591019591972,"data_Wierzchon_2014.csv"
"1125",4.2996296932226,0.989583333333333,76,2.49232848067734,"data_Wierzchon_2014.csv"
"1126",2.9620133751093,0.953002610966057,63,3.413403620752,"data_Wierzchon_2014.csv"
"1127",3.64351763058811,0.931937172774869,110,3.01909867114705,"data_Wierzchon_2014.csv"
"1128",3.92498404537002,0.963541666666667,67,2.26395200171661,"data_Wierzchon_2014.csv"
"1129",3.21983114303359,0.939947780678851,83,2.24578193948238,"data_Wierzchon_2014.csv"
"1130",3.25923241268642,0.955380577427822,134,3.79955336358993,"data_Wierzchon_2014.csv"
"1131",3.16332717632477,0.955613577023499,114,3.27658775664804,"data_Wierzchon_2014.csv"
"1132",3.0405412125697,0.971354166666667,90,1.62869114461317,"data_Wierzchon_2014.csv"
"1133",3.24499882828552,0.942708333333333,138,3.31644109253803,"data_Wierzchon_2014.csv"
"1134",2.85290287124794,0.887139107611549,19,2.60291032506516,"data_Wierzchon_2014.csv"
"1135",3.72303199999428,0.934383202099738,101,3.01735707211012,"data_Wierzchon_2014.csv"
"1136",1.82006191053912,0.952879581151832,65,1.86225699033656,"data_Wierzchon_2014.csv"
"1137",2.65769918473176,0.908136482939633,115,2.26550570058119,"data_Wierzchon_2014.csv"
"1138",3.06940477931463,0.950520833333333,38,3.26090094358382,"data_Wierzchon_2014.csv"
"1139",4.0024153898582,0.986979166666667,113,3.41989525907146,"data_Wierzchon_2014.csv"
"1140",2.57954474385471,0.897905759162304,28,2.85432443991936,"data_Wierzchon_2014.csv"
"1141",2.95892499299577,0.97911227154047,84,3.38428224714576,"data_Wierzchon_2014.csv"
"1142",3.14504078546586,0.934895833333333,151,2.73794178207345,"data_Wierzchon_2014.csv"
"1143",1.99583041269085,0.873684210526316,64,1.07558311011152,"data_Wierzchon_2014.csv"
"1144",3.49731599859847,0.96875,133,3.76343028287183,"data_Wierzchon_2014.csv"
"1145",1.99657429163838,0.984375,146,2.87573742316699,"data_Wierzchon_2014.csv"
"1146",1.92838894632912,0.919270833333333,21,2.22545353147174,"data_Wierzchon_2014.csv"
"1147",1.79671407780721,0.96875,118,1.45236008026,"data_Wierzchon_2014.csv"
"1148",1.74605167541032,0.908616187989556,150,2.71110040334064,"data_Wierzchon_2014.csv"
"1149",3.04801293096801,0.924083769633508,74,3.15369484999102,"data_Wierzchon_2014.csv"
"1150",3.53361193982245,0.950391644908616,40,2.64958713614365,"data_Wierzchon_2014.csv"
"1151",2.75612495666174,0.973958333333333,105,2.73014927266116,"data_Wierzchon_2014.csv"
"1152",3.69472762650188,0.955729166666667,130,3.51917520360675,"data_Wierzchon_2014.csv"
"1153",2.47579218862507,0.8671875,3,0.833164469460765,"data_Wierzchon_2014.csv"
"1154",-0.00253050015462411,0.498694516971279,98,-0.699074459920151,"data_Wierzchon_2014.csv"
"1155",2.80506268607477,0.947229551451187,81,2.81873251801484,"data_Wierzchon_2014.csv"
"1156",3.7106780542395,0.958115183246073,92,0.369746964840576,"data_Wierzchon_2014.csv"
"1157",2.6912338109305,0.924083769633508,47,0.727928450824412,"data_Wierzchon_2014.csv"
"1158",1.0815396690759,0.908854166666667,44,1.64197501934159,"data_Wierzchon_2014.csv"
"1159",1.83812551232288,0.8984375,127,0.787132463928094,"data_Wierzchon_2014.csv"
"1160",2.34266962866681,0.91820580474934,82,0.34065550540705,"data_Wierzchon_2014.csv"
"1161",4.08576824328228,0.973958333333333,112,3.53200002321902,"data_Wierzchon_2014.csv"
"1162",2.36493115256341,0.921875,108,2.53554249347002,"data_Wierzchon_2014.csv"
"1163",2.31225142898634,0.90625,42,2.58006180309912,"data_Wierzchon_2014.csv"
"1164",3.28772127539002,0.963541666666667,97,3.31760082086729,"data_Wierzchon_2014.csv"
"1165",3.55638387406935,0.973958333333333,14,3.77382193425097,"data_Wierzchon_2014.csv"
"1166",2.25023971014035,0.955729166666667,5,1.93100697923797,"data_Wierzchon_2014.csv"
"1167",2.66620322125746,0.932291666666667,106,2.07678465691161,"data_Wierzchon_2014.csv"
"1168",3.22413455482582,0.958333333333333,31,3.12654020813563,"data_Wierzchon_2014.csv"
"1169",3.03956365044406,0.927083333333333,59,3.2036493949874,"data_Wierzchon_2014.csv"
"1170",2.09145938569451,0.955497382198953,128,1.44160216865588,"data_Wierzchon_2014.csv"
"1171",4.07414062395011,0.984251968503937,66,1.99726861272288,"data_Wierzchon_2014.csv"
"1172",1.80209222463963,0.979166666666667,88,2.48527908490539,"data_Wierzchon_2014.csv"
"1173",2.80000933647773,0.953125,34,3.50752649605741,"data_Wierzchon_2014.csv"
"1174",2.40608511747928,0.878306878306878,144,1.96235144964768,"data_Wierzchon_2014.csv"
"1175",1.59606757629675,0.926701570680628,117,2.40529998261608,"data_Wierzchon_2014.csv"
"1176",2.31500650509027,0.934725848563969,86,1.89862446513273,"data_Wierzchon_2014.csv"
"1177",3.28139569560458,0.939947780678851,141,3.7098078907101,"data_Wierzchon_2014.csv"
"1178",2.33811703812313,0.900523560209424,80,2.70931144490569,"data_Wierzchon_2014.csv"
"1179",1.86154129504798,0.968668407310705,104,1.33502023078113,"data_Wierzchon_2014.csv"
"1180",2.79544366411762,0.932291666666667,52,2.3059980520166,"data_Wierzchon_2014.csv"
"1181",3.35223667360756,0.939473684210526,53,0.961486353457831,"data_Wierzchon_2014.csv"
"1182",3.62895522937013,0.973821989528796,29,3.11255334647738,"data_Wierzchon_2014.csv"
"1183",2.25998847159636,0.927083333333333,73,3.05076286390264,"data_Wierzchon_2014.csv"
"1184",3.45409008275336,0.945169712793734,87,3.73960305163198,"data_Wierzchon_2014.csv"
