sub,window,fold,attention_high_cond_correct_low,attention_high_cond_correct_high,attention_high_cond_awareness_low,attention_high_cond_awareness_high,attention_high_cond_confidence_low,attention_high_cond_confidence_high
PC,1,0,0.5833333333333334,0.5460122699386503,0.5994152046783626,0.4453125,0.5598086124401914,0.5555555555555556
PC,1,1,0.5472972972972973,0.562111801242236,0.5897435897435898,0.46218487394957986,0.5305164319248826,0.5797665369649806
PC,1,2,0.5714285714285714,0.5506329113924051,0.5818713450292398,0.4921875,0.527363184079602,0.5799256505576208
PC,1,3,0.54421768707483,0.5634674922600619,0.5914285714285714,0.4583333333333333,0.5471698113207547,0.5658914728682171
PC,1,4,0.5436241610738255,0.5638629283489096,0.5884057971014492,0.472,0.5263157894736842,0.5823754789272031
PC,1,5,0.5517241379310345,0.56,0.5982404692082112,0.4496124031007752,0.5458937198067633,0.5665399239543726
PC,1,6,0.5510204081632653,0.5603715170278638,0.6023391812865497,0.4375,0.5576923076923077,0.5572519083969466
PC,1,7,0.5592105263157895,0.5566037735849056,0.5902578796561605,0.4628099173553719,0.5370370370370371,0.5748031496062992
PC,1,8,0.5448717948717948,0.5636942675159236,0.5952380952380952,0.4626865671641791,0.5476190476190477,0.5653846153846154
PC,1,9,0.5419354838709678,0.5650793650793651,0.5894428152492669,0.4728682170542636,0.5471698113207547,0.5658914728682171
PC,1,10,0.5472972972972973,0.562111801242236,0.5898203592814372,0.47794117647058826,0.5373831775700935,0.57421875
PC,1,11,0.551948051948052,0.560126582278481,0.5845272206303725,0.4793388429752066,0.5299539170506913,0.5810276679841897
PC,1,12,0.551948051948052,0.560126582278481,0.5941176470588235,0.46153846153846156,0.54337899543379,0.5697211155378487
PC,1,13,0.5675675675675675,0.5527950310559007,0.5862068965517241,0.47540983606557374,0.5392156862745098,0.5714285714285714
PC,1,14,0.5540540540540541,0.5590062111801242,0.5838150289017341,0.4838709677419355,0.5343137254901961,0.575187969924812
PC,1,15,0.5448275862068965,0.563076923076923,0.5930232558139535,0.4603174603174603,0.542713567839196,0.5682656826568265
PC,1,16,0.5436241610738255,0.5638629283489096,0.5860058309037901,0.48031496062992124,0.5238095238095238,0.5846153846153846
PC,1,17,0.535031847133758,0.5686900958466453,0.5865102639296188,0.4806201550387597,0.5240384615384616,0.583969465648855
PC,1,18,0.5666666666666667,0.553125,0.5982404692082112,0.4496124031007752,0.5497630331753555,0.5637065637065637
PC,1,19,0.54421768707483,0.5634674922600619,0.5797101449275363,0.496,0.5560747663551402,0.55859375
PC,1,20,0.5675675675675675,0.5527950310559007,0.5929203539823009,0.46564885496183206,0.5603864734299517,0.5551330798479087
PC,1,21,0.54,0.565625,0.5925925925925926,0.453781512605042,0.5352112676056338,0.5758754863813229
PC,1,22,0.5592105263157895,0.5566037735849056,0.5970588235294118,0.45384615384615384,0.5450236966824644,0.5675675675675675
PC,1,23,0.5704697986577181,0.5514018691588785,0.5828402366863905,0.49242424242424243,0.5450236966824644,0.5675675675675675
PC,1,24,0.5379310344827586,0.5661538461538461,0.5860058309037901,0.48031496062992124,0.5339805825242718,0.5757575757575758
PC,1,25,0.5460992907801419,0.5623100303951368,0.5860058309037901,0.48031496062992124,0.5406698564593302,0.5708812260536399
PC,1,26,0.5379310344827586,0.5661538461538461,0.5903954802259888,0.45689655172413796,0.5488372093023256,0.5647058823529412
PC,1,27,0.5547945205479452,0.558641975308642,0.5739130434782609,0.512,0.5497630331753555,0.5637065637065637
PC,1,28,0.541095890410959,0.5648148148148148,0.5843023255813954,0.48412698412698413,0.5529953917050692,0.5612648221343873
PC,1,29,0.5666666666666667,0.553125,0.5771428571428572,0.5,0.5263157894736842,0.5823754789272031
PC,1,30,0.5405405405405406,0.5652173913043478,0.5826086956521739,0.488,0.5406698564593302,0.5708812260536399
PC,1,31,0.5510204081632653,0.5603715170278638,0.5870206489675516,0.48091603053435117,0.5476190476190477,0.5653846153846154
PC,1,32,0.5816993464052288,0.5457413249211357,0.5895953757225434,0.46774193548387094,0.5384615384615384,0.5725190839694656
PC,1,33,0.5460526315789473,0.5628930817610063,0.5855072463768116,0.48,0.5211267605633803,0.5875486381322957
PC,1,34,0.5298013245033113,0.5705329153605015,0.5895953757225434,0.46774193548387094,0.5518867924528302,0.562015503875969
PC,1,35,0.5333333333333333,0.56875,0.5811209439528023,0.4961832061068702,0.5285714285714286,0.5807692307692308
PC,1,36,0.5466666666666666,0.5625,0.592375366568915,0.46511627906976744,0.5414634146341464,0.569811320754717
PC,1,37,0.5477707006369427,0.5623003194888179,0.591715976331361,0.4696969696969697,0.5633802816901409,0.5525291828793775
PC,1,38,0.5526315789473685,0.559748427672956,0.5843023255813954,0.48412698412698413,0.5545023696682464,0.5598455598455598
PC,1,39,0.5323741007194245,0.56797583081571,0.5865102639296188,0.4806201550387597,0.5320197044334976,0.5767790262172284
PC,1,40,0.5266666666666666,0.571875,0.5918367346938775,0.4645669291338583,0.5532994923857868,0.5604395604395604
PC,1,41,0.5616438356164384,0.5555555555555556,0.5845272206303725,0.4793388429752066,0.5260663507109005,0.583011583011583
PC,1,42,0.5263157894736842,0.5723270440251572,0.5867052023121387,0.47580645161290325,0.5355450236966824,0.5752895752895753
PC,1,43,0.547945205479452,0.5617283950617284,0.6005747126436781,0.4344262295081967,0.5514018691588785,0.5625
PC,1,44,0.5490196078431373,0.5615141955835962,0.5899705014749262,0.4732824427480916,0.5024630541871922,0.599250936329588
PC,1,45,0.5374149659863946,0.56656346749226,0.5830903790087464,0.4881889763779528,0.5384615384615384,0.5725190839694656
PC,1,46,0.5324675324675324,0.569620253164557,0.5784883720930233,0.5,0.5523809523809524,0.5615384615384615
PC,1,47,0.5547945205479452,0.558641975308642,0.5860058309037901,0.48031496062992124,0.5476190476190477,0.5653846153846154
PC,1,48,0.5436241610738255,0.5638629283489096,0.5885714285714285,0.4666666666666667,0.5420560747663551,0.5703125
PC,1,49,0.5555555555555556,0.558282208588957,0.5918367346938775,0.4645669291338583,0.5458937198067633,0.5665399239543726
PC,1,50,0.5655172413793104,0.5538461538461539,0.573134328358209,0.5185185185185185,0.5308056872037915,0.5791505791505791
PC,1,51,0.5652173913043478,0.5542168674698795,0.5855855855855856,0.48905109489051096,0.553921568627451,0.5601503759398496
PC,1,52,0.535031847133758,0.5686900958466453,0.5870206489675516,0.48091603053435117,0.5480769230769231,0.5648854961832062
PC,1,53,0.5483870967741935,0.5619047619047619,0.5801749271137027,0.49606299212598426,0.5566037735849056,0.5581395348837209
PC,1,54,0.5486111111111112,0.5613496932515337,0.5860058309037901,0.48031496062992124,0.5502392344497608,0.5632183908045977
PC,1,55,0.5379310344827586,0.5661538461538461,0.5867052023121387,0.47580645161290325,0.5422885572139303,0.5687732342007435
PC,1,56,0.527027027027027,0.5714285714285714,0.5911764705882353,0.46923076923076923,0.5384615384615384,0.5725190839694656
PC,1,57,0.5620915032679739,0.555205047318612,0.5813953488372093,0.49206349206349204,0.539906103286385,0.5719844357976653
PC,1,58,0.5655172413793104,0.5538461538461539,0.5833333333333334,0.4925373134328358,0.5492957746478874,0.5642023346303502
PC,1,59,0.5608108108108109,0.5559006211180124,0.5747126436781609,0.5081967213114754,0.5315315315315315,0.5806451612903226
PC,1,60,0.547945205479452,0.5617283950617284,0.5811965811965812,0.48739495798319327,0.5436893203883495,0.5681818181818182
PC,1,61,0.5460526315789473,0.5628930817610063,0.5821325648414986,0.4878048780487805,0.5221674876847291,0.5842696629213483
PC,1,62,0.5302013422818792,0.5700934579439252,0.5811209439528023,0.4961832061068702,0.5490196078431373,0.5639097744360902
PC,1,63,0.5584415584415584,0.5569620253164557,0.5775862068965517,0.5,0.54337899543379,0.5697211155378487
PC,1,64,0.5454545454545454,0.5626911314984709,0.5887573964497042,0.4772727272727273,0.5192307692307693,0.5877862595419847
PC,1,65,0.5302013422818792,0.5700934579439252,0.5843023255813954,0.48412698412698413,0.5320197044334976,0.5767790262172284
PC,1,66,0.5533333333333333,0.559375,0.5794117647058824,0.5,0.5380952380952381,0.573076923076923
PC,1,67,0.5416666666666666,0.5644171779141104,0.577259475218659,0.5039370078740157,0.5358851674641149,0.5747126436781609
PC,1,68,0.5448275862068965,0.563076923076923,0.5833333333333334,0.48360655737704916,0.5414634146341464,0.569811320754717
PC,1,69,0.538961038961039,0.5664556962025317,0.5821325648414986,0.4878048780487805,0.5462962962962963,0.5669291338582677
PC,1,70,0.567741935483871,0.5523809523809524,0.5899705014749262,0.4732824427480916,0.5432692307692307,0.5687022900763359
PC,1,71,0.5723684210526315,0.550314465408805,0.5816618911174785,0.48760330578512395,0.5428571428571428,0.5692307692307692
PC,1,72,0.5266666666666666,0.571875,0.5918367346938775,0.4645669291338583,0.5363636363636364,0.576
PC,1,73,0.547945205479452,0.5617283950617284,0.569364161849711,0.5241935483870968,0.5428571428571428,0.5692307692307692
PC,1,74,0.5668789808917197,0.5527156549520766,0.5838150289017341,0.4838709677419355,0.5327102803738317,0.578125
PC,1,75,0.5743243243243243,0.5496894409937888,0.5833333333333334,0.48360655737704916,0.5467980295566502,0.5655430711610487
PC,1,76,0.5584415584415584,0.5569620253164557,0.5870206489675516,0.48091603053435117,0.5532994923857868,0.5604395604395604
PC,1,77,0.5492957746478874,0.5609756097560976,0.5892351274787535,0.46153846153846156,0.5194174757281553,0.5871212121212122
PC,1,78,0.5241379310344828,0.5723076923076923,0.5877192982456141,0.4765625,0.5343137254901961,0.575187969924812
PC,1,79,0.5333333333333333,0.56875,0.5847953216374269,0.484375,0.5098039215686274,0.5939849624060151
PC,1,80,0.5684931506849316,0.5524691358024691,0.5813953488372093,0.49206349206349204,0.5560747663551402,0.55859375
PC,1,81,0.5342465753424658,0.5679012345679012,0.5809248554913294,0.49193548387096775,0.5311004784688995,0.578544061302682
PC,1,82,0.5496688741721855,0.5611285266457681,0.5880681818181818,0.4661016949152542,0.5555555555555556,0.55893536121673
PC,1,83,0.5751633986928104,0.5488958990536278,0.5922619047619048,0.4701492537313433,0.5525114155251142,0.5617529880478087
PC,1,84,0.5466666666666666,0.5625,0.5835777126099707,0.4883720930232558,0.5480769230769231,0.5648854961832062
PC,1,85,0.56,0.55625,0.5870206489675516,0.48091603053435117,0.5365853658536586,0.5735849056603773
PC,1,86,0.541095890410959,0.5648148148148148,0.5821325648414986,0.4878048780487805,0.5185185185185185,0.5905511811023622
PC,1,87,0.5405405405405406,0.5652173913043478,0.5924855491329479,0.4596774193548387,0.5497630331753555,0.5637065637065637
PC,1,88,0.5594405594405595,0.5565749235474006,0.5811209439528023,0.4961832061068702,0.5424528301886793,0.5697674418604651
PC,1,89,0.5555555555555556,0.5583596214511041,0.5906432748538012,0.46875,0.5260663507109005,0.583011583011583
PC,1,90,0.535031847133758,0.5686900958466453,0.5894428152492669,0.4728682170542636,0.5285714285714286,0.5807692307692308
PC,1,91,0.5592105263157895,0.5566037735849056,0.5826086956521739,0.488,0.5305164319248826,0.5797665369649806
PC,1,92,0.5586206896551724,0.556923076923077,0.5873925501432665,0.47107438016528924,0.5458937198067633,0.5665399239543726
PC,1,93,0.5277777777777778,0.5705521472392638,0.5722713864306784,0.5190839694656488,0.5247524752475248,0.582089552238806
PC,1,94,0.5533333333333333,0.559375,0.5787965616045845,0.49586776859504134,0.5318181818181819,0.58
PC,1,95,0.5306122448979592,0.5696594427244582,0.5894428152492669,0.4728682170542636,0.5550239234449761,0.5593869731800766
PC,1,96,0.5369127516778524,0.5669781931464174,0.5838150289017341,0.4838709677419355,0.5275229357798165,0.5833333333333334
PC,1,97,0.5384615384615384,0.5668789808917197,0.579250720461095,0.4959349593495935,0.5255813953488372,0.5843137254901961
PC,1,98,0.5364238410596026,0.567398119122257,0.5942028985507246,0.456,0.5308056872037915,0.5791505791505791
PC,1,99,0.54421768707483,0.5634674922600619,0.5780346820809249,0.5,0.5308056872037915,0.5791505791505791
PC,2,0,0.5793103448275863,0.5365079365079365,0.5764705882352941,0.475,0.5858585858585859,0.5229007633587787
PC,2,1,0.5570469798657718,0.5466237942122186,0.5850746268656717,0.456,0.5652173913043478,0.5375494071146245
PC,2,2,0.5684931506849316,0.5414012738853503,0.5847953216374269,0.4491525423728814,0.5639810426540285,0.5381526104417671
PC,2,3,0.5602836879432624,0.5454545454545454,0.5865102639296188,0.44537815126050423,0.5862068965517241,0.5214007782101168
PC,2,4,0.5666666666666667,0.5419354838709678,0.5868263473053892,0.4523809523809524,0.5885167464114832,0.5179282868525896
PC,2,5,0.5945945945945946,0.5288461538461539,0.5915915915915916,0.4409448818897638,0.5911330049261084,0.5175097276264592
PC,2,6,0.5755395683453237,0.5389408099688473,0.5871559633027523,0.45864661654135336,0.5825242718446602,0.5236220472440944
PC,2,7,0.5808823529411765,0.5370370370370371,0.5773809523809523,0.47580645161290325,0.5748792270531401,0.5296442687747036
PC,2,8,0.574468085106383,0.5391849529780565,0.5825825825825826,0.4645669291338583,0.5920398009950248,0.5173745173745173
PC,2,9,0.564625850340136,0.5431309904153354,0.5953079178885631,0.42016806722689076,0.576036866359447,0.5267489711934157
PC,2,10,0.5782312925170068,0.536741214057508,0.5833333333333334,0.47058823529411764,0.5603864734299517,0.541501976284585
PC,2,11,0.5734265734265734,0.5394321766561514,0.5798816568047337,0.4672131147540984,0.582089552238806,0.525096525096525
PC,2,12,0.574468085106383,0.5391849529780565,0.588957055214724,0.4552238805970149,0.5870646766169154,0.5212355212355212
PC,2,13,0.5972222222222222,0.5284810126582279,0.5798816568047337,0.4672131147540984,0.5920398009950248,0.5173745173745173
PC,2,14,0.5664335664335665,0.5425867507886435,0.5835777126099707,0.453781512605042,0.5728643216080402,0.5325670498084292
PC,2,15,0.58,0.535483870967742,0.5969230769230769,0.43703703703703706,0.5943396226415094,0.5120967741935484
PC,2,16,0.5723684210526315,0.538961038961039,0.5833333333333334,0.47058823529411764,0.5918367346938775,0.5189393939393939
PC,2,17,0.5695364238410596,0.540453074433657,0.5795795795795796,0.47244094488188976,0.5707317073170731,0.5333333333333333
PC,2,18,0.5616438356164384,0.5445859872611465,0.5764705882352941,0.475,0.5931372549019608,0.515625
PC,2,19,0.5782312925170068,0.536741214057508,0.5753012048192772,0.484375,0.5952380952380952,0.512
PC,2,20,0.5724137931034483,0.5396825396825397,0.6,0.4230769230769231,0.5645933014354066,0.5378486055776892
PC,2,21,0.5602836879432624,0.5454545454545454,0.5915915915915916,0.4409448818897638,0.5566037735849056,0.5443548387096774
PC,2,22,0.5694444444444444,0.5411392405063291,0.5744047619047619,0.4838709677419355,0.5679611650485437,0.5354330708661418
PC,2,23,0.5734265734265734,0.5394321766561514,0.5692771084337349,0.5,0.5882352941176471,0.51953125
PC,2,24,0.5771812080536913,0.5369774919614148,0.5921450151057401,0.4418604651162791,0.5763546798029556,0.5291828793774319
PC,2,25,0.5777777777777777,0.5384615384615384,0.584070796460177,0.45454545454545453,0.5948717948717949,0.5169811320754717
PC,2,26,0.5845070422535211,0.5345911949685535,0.5853658536585366,0.4621212121212121,0.5924170616113744,0.5140562248995983
PC,2,27,0.5664335664335665,0.5425867507886435,0.5853658536585366,0.4621212121212121,0.5862068965517241,0.5214007782101168
PC,2,28,0.6,0.526984126984127,0.5783132530120482,0.4765625,0.5721153846153846,0.5317460317460317
PC,2,29,0.5664335664335665,0.5425867507886435,0.5739644970414202,0.48360655737704916,0.5969387755102041,0.5151515151515151
PC,2,30,0.5390070921985816,0.554858934169279,0.588957055214724,0.4552238805970149,0.583732057416268,0.5219123505976095
PC,2,31,0.5586206896551724,0.546031746031746,0.5816023738872403,0.4634146341463415,0.5673076923076923,0.5357142857142857
PC,2,32,0.5855263157894737,0.5324675324675324,0.584070796460177,0.45454545454545453,0.5735294117647058,0.53125
PC,2,33,0.5971223021582733,0.5295950155763239,0.5803571428571429,0.46774193548387094,0.5829383886255924,0.5220883534136547
PC,2,34,0.5874125874125874,0.5331230283911672,0.5808383233532934,0.46825396825396826,0.5922330097087378,0.515748031496063
PC,2,35,0.5827814569536424,0.5339805825242718,0.5887573964497042,0.4426229508196721,0.5961538461538461,0.5119047619047619
PC,2,36,0.5763888888888888,0.5379746835443038,0.5835866261398176,0.46564885496183206,0.5517241379310345,0.5486381322957199
PC,2,37,0.5555555555555556,0.5474683544303798,0.5843023255813954,0.4482758620689655,0.5934579439252337,0.5121951219512195
PC,2,38,0.581081081081081,0.5352564102564102,0.5976331360946746,0.4180327868852459,0.5789473684210527,0.5258964143426295
PC,2,39,0.5664335664335665,0.5425867507886435,0.5843373493975904,0.4609375,0.5797101449275363,0.525691699604743
PC,2,40,0.5362318840579711,0.5559006211180124,0.5778443113772455,0.47619047619047616,0.5677083333333334,0.5373134328358209
PC,2,41,0.5782312925170068,0.536741214057508,0.5739644970414202,0.48360655737704916,0.5774647887323944,0.5263157894736842
PC,2,42,0.5933333333333334,0.5290322580645161,0.6,0.4083333333333333,0.5792079207920792,0.5271317829457365
PC,2,43,0.5928571428571429,0.53125,0.6042296072507553,0.4108527131782946,0.5891089108910891,0.5193798449612403
PC,2,44,0.5562913907284768,0.5469255663430421,0.5898203592814372,0.4444444444444444,0.5855855855855856,0.5168067226890757
PC,2,45,0.5633802816901409,0.5440251572327044,0.5828402366863905,0.45901639344262296,0.6009615384615384,0.5079365079365079
PC,2,46,0.5972222222222222,0.5284810126582279,0.5868263473053892,0.4523809523809524,0.583732057416268,0.5219123505976095
PC,2,47,0.5637583892617449,0.5434083601286174,0.5885885885885885,0.44881889763779526,0.5671641791044776,0.5366795366795367
PC,2,48,0.6041666666666666,0.5253164556962026,0.5899705014749262,0.4380165289256198,0.585,0.5230769230769231
PC,2,49,0.574468085106383,0.5391849529780565,0.5873493975903614,0.453125,0.5853658536585366,0.5215686274509804
PC,2,50,0.5878378378378378,0.532051282051282,0.5914634146341463,0.44696969696969696,0.5797101449275363,0.525691699604743
PC,2,51,0.5664335664335665,0.5425867507886435,0.5945121951219512,0.4393939393939394,0.5797101449275363,0.525691699604743
PC,2,52,0.5906040268456376,0.5305466237942122,0.5848484848484848,0.46153846153846156,0.5942028985507246,0.5138339920948617
PC,2,53,0.5592105263157895,0.5454545454545454,0.5838323353293413,0.4603174603174603,0.5817307692307693,0.5238095238095238
PC,2,54,0.5782312925170068,0.536741214057508,0.5863095238095238,0.45161290322580644,0.5776699029126213,0.5275590551181102
PC,2,55,0.564625850340136,0.5431309904153354,0.5830815709969789,0.46511627906976744,0.595,0.5153846153846153
PC,2,56,0.5793103448275863,0.5365079365079365,0.5934718100890207,0.43089430894308944,0.57,0.5346153846153846
PC,2,57,0.5633802816901409,0.5440251572327044,0.5938461538461538,0.4444444444444444,0.6009852216748769,0.5097276264591439
PC,2,58,0.58,0.535483870967742,0.5932721712538226,0.44360902255639095,0.5784313725490197,0.52734375
PC,2,59,0.5655172413793104,0.5428571428571428,0.5845697329376854,0.45528455284552843,0.5789473684210527,0.5258964143426295
PC,2,60,0.5664335664335665,0.5425867507886435,0.5898203592814372,0.4444444444444444,0.5904761904761905,0.516
PC,2,61,0.6027397260273972,0.5254777070063694,0.5957446808510638,0.4351145038167939,0.5761904761904761,0.528
PC,2,62,0.5972222222222222,0.5284810126582279,0.5752212389380531,0.4793388429752066,0.5804878048780487,0.5254901960784314
PC,2,63,0.5782312925170068,0.536741214057508,0.5927051671732523,0.44274809160305345,0.5586854460093896,0.5425101214574899
PC,2,64,0.593103448275862,0.5301587301587302,0.5857988165680473,0.45081967213114754,0.5781990521327014,0.5261044176706827
PC,2,65,0.5664335664335665,0.5425867507886435,0.5795795795795796,0.47244094488188976,0.583732057416268,0.5219123505976095
PC,2,66,0.5782312925170068,0.536741214057508,0.5933734939759037,0.4375,0.589622641509434,0.5161290322580645
PC,2,67,0.6027397260273972,0.5254777070063694,0.5848484848484848,0.46153846153846156,0.6097560975609756,0.5019607843137255
PC,2,68,0.5902777777777778,0.5316455696202531,0.5864197530864198,0.4632352941176471,0.5829145728643216,0.524904214559387
PC,2,69,0.5734265734265734,0.5394321766561514,0.5773809523809523,0.47580645161290325,0.5734597156398105,0.5301204819277109
PC,2,70,0.5782312925170068,0.536741214057508,0.5739644970414202,0.48360655737704916,0.5781990521327014,0.5261044176706827
PC,2,71,0.583941605839416,0.5356037151702786,0.5818181818181818,0.46923076923076923,0.565,0.5384615384615384
PC,2,72,0.5894039735099338,0.5307443365695793,0.5727002967359051,0.4878048780487805,0.589622641509434,0.5161290322580645
PC,2,73,0.5902777777777778,0.5316455696202531,0.5927051671732523,0.44274809160305345,0.5833333333333334,0.5234375
PC,2,74,0.5874125874125874,0.5331230283911672,0.5940298507462687,0.432,0.594059405940594,0.5155038759689923
PC,2,75,0.5815602836879432,0.5360501567398119,0.5816023738872403,0.4634146341463415,0.5951219512195122,0.5137254901960784
PC,2,76,0.5793103448275863,0.5365079365079365,0.5898203592814372,0.4444444444444444,0.576530612244898,0.5303030303030303
PC,2,77,0.5972222222222222,0.5284810126582279,0.5740181268882175,0.4883720930232558,0.5913461538461539,0.5158730158730159
PC,2,78,0.6074074074074074,0.5261538461538462,0.5825825825825826,0.4645669291338583,0.6051282051282051,0.5094339622641509
PC,2,79,0.6013513513513513,0.5256410256410257,0.5914634146341463,0.44696969696969696,0.5862068965517241,0.5214007782101168
PC,2,80,0.5906040268456376,0.5305466237942122,0.5806451612903226,0.46218487394957986,0.5882352941176471,0.51953125
PC,2,81,0.5755395683453237,0.5389408099688473,0.5816023738872403,0.4634146341463415,0.5931372549019608,0.515625
PC,2,82,0.5757575757575758,0.5396341463414634,0.5873493975903614,0.453125,0.5686274509803921,0.53515625
PC,2,83,0.581081081081081,0.5352564102564102,0.5861027190332326,0.4573643410852713,0.58,0.5269230769230769
PC,2,84,0.5845070422535211,0.5345911949685535,0.5903614457831325,0.4453125,0.6067961165048543,0.5039370078740157
PC,2,85,0.5611510791366906,0.5451713395638629,0.5945121951219512,0.4393939393939394,0.5902439024390244,0.5176470588235295
PC,2,86,0.5894039735099338,0.5307443365695793,0.5870206489675516,0.4462809917355372,0.5970873786407767,0.5118110236220472
PC,2,87,0.5563380281690141,0.5471698113207547,0.592814371257485,0.4365079365079365,0.5904761904761905,0.516
PC,2,88,0.5664335664335665,0.5425867507886435,0.5843373493975904,0.4609375,0.5942028985507246,0.5138339920948617
PC,2,89,0.5714285714285714,0.5399361022364217,0.5765765765765766,0.48031496062992124,0.5714285714285714,0.5330739299610895
PC,2,90,0.5576923076923077,0.5460526315789473,0.5752212389380531,0.4793388429752066,0.5707547169811321,0.532258064516129
PC,2,91,0.5664335664335665,0.5425867507886435,0.5800604229607251,0.4728682170542636,0.5853658536585366,0.5215686274509804
PC,2,92,0.5586206896551724,0.546031746031746,0.5798816568047337,0.4672131147540984,0.5673076923076923,0.5357142857142857
PC,2,93,0.5850340136054422,0.5335463258785943,0.5825825825825826,0.4645669291338583,0.5990338164251208,0.5098814229249012
PC,2,94,0.5753424657534246,0.5382165605095541,0.5845697329376854,0.45528455284552843,0.5942028985507246,0.5138339920948617
PC,2,95,0.5616438356164384,0.5445859872611465,0.5761194029850746,0.48,0.5727699530516432,0.5303643724696356
PC,2,96,0.5586206896551724,0.546031746031746,0.5825825825825826,0.4645669291338583,0.5666666666666667,0.536
PC,2,97,0.5695364238410596,0.540453074433657,0.5735735735735735,0.4881889763779528,0.5829383886255924,0.5220883534136547
PC,2,98,0.6013986013986014,0.526813880126183,0.5828402366863905,0.45901639344262296,0.5789473684210527,0.5258964143426295
PC,2,99,0.5933333333333334,0.5290322580645161,0.5783132530120482,0.4765625,0.593607305936073,0.5103734439834025
PC,3,0,0.6054421768707483,0.5230263157894737,0.575,0.48854961832061067,0.5970149253731343,0.512
PC,3,1,0.6056338028169014,0.5242718446601942,0.5545171339563862,0.5384615384615384,0.565,0.5378486055776892
PC,3,2,0.6099290780141844,0.5225806451612903,0.5504587155963303,0.5483870967741935,0.5603864734299517,0.5409836065573771
PC,3,3,0.6,0.5273311897106109,0.56656346749226,0.5078125,0.5707070707070707,0.5335968379446641
PC,3,4,0.6357142857142857,0.5112540192926045,0.5609756097560976,0.5203252032520326,0.575,0.5298804780876494
PC,3,5,0.6204379562043796,0.5191082802547771,0.556923076923077,0.5317460317460317,0.5792079207920792,0.5261044176706827
PC,3,6,0.6068965517241379,0.5228758169934641,0.577639751552795,0.4806201550387597,0.5763546798029556,0.5282258064516129
PC,3,7,0.6054421768707483,0.5230263157894737,0.5692307692307692,0.5,0.5853658536585366,0.5203252032520326
PC,3,8,0.6099290780141844,0.5225806451612903,0.5565749235474006,0.532258064516129,0.5621890547263682,0.54
PC,3,9,0.65,0.5048231511254019,0.5555555555555556,0.5338983050847458,0.5707317073170731,0.532520325203252
PC,3,10,0.6058394160583942,0.5254777070063694,0.5596330275229358,0.5241935483870968,0.5555555555555556,0.5450819672131147
PC,3,11,0.6438356164383562,0.5049180327868853,0.5657492354740061,0.5080645161290323,0.57,0.5338645418326693
PC,3,12,0.6293706293706294,0.512987012987013,0.5602409638554217,0.5210084033613446,0.582089552238806,0.524
PC,3,13,0.6197183098591549,0.517799352750809,0.5565749235474006,0.532258064516129,0.5693069306930693,0.5341365461847389
PC,3,14,0.6153846153846154,0.5194805194805194,0.571875,0.4961832061068702,0.5687203791469194,0.5333333333333333
PC,3,15,0.6029411764705882,0.526984126984127,0.5683229813664596,0.5038759689922481,0.5721153846153846,0.5308641975308642
PC,3,16,0.6363636363636364,0.5097402597402597,0.5675675675675675,0.5,0.5939086294416244,0.515748031496063
PC,3,17,0.6216216216216216,0.5148514851485149,0.5692771084337349,0.4957983193277311,0.5728155339805825,0.5306122448979592
PC,3,18,0.65,0.5048231511254019,0.5634674922600619,0.515625,0.601010101010101,0.5098814229249012
PC,3,19,0.6068965517241379,0.5228758169934641,0.5555555555555556,0.5354330708661418,0.5625,0.5390946502057613
PC,3,20,0.6187050359712231,0.5192307692307693,0.5617283950617284,0.5196850393700787,0.5588235294117647,0.5425101214574899
PC,3,21,0.6056338028169014,0.5242718446601942,0.5572755417956656,0.53125,0.5566502463054187,0.5443548387096774
PC,3,22,0.6204379562043796,0.5191082802547771,0.5666666666666667,0.5041322314049587,0.5685279187817259,0.5354330708661418
PC,3,23,0.6099290780141844,0.5225806451612903,0.5679012345679012,0.5039370078740157,0.5671641791044776,0.536
PC,3,24,0.6086956521739131,0.5239616613418531,0.5579268292682927,0.5284552845528455,0.5891089108910891,0.5180722891566265
PC,3,25,0.6527777777777778,0.501628664495114,0.5670731707317073,0.5040650406504065,0.5771144278606966,0.528
PC,3,26,0.6170212765957447,0.5193548387096775,0.5727554179566563,0.4921875,0.5728643216080402,0.5317460317460317
PC,3,27,0.6176470588235294,0.5206349206349207,0.5700934579439252,0.5,0.5911330049261084,0.5161290322580645
PC,3,28,0.6126760563380281,0.5210355987055016,0.5552238805970149,0.5344827586206896,0.5803108808290155,0.5271317829457365
PC,3,29,0.6267605633802817,0.5145631067961165,0.5661538461538461,0.5079365079365079,0.5643564356435643,0.5381526104417671
PC,3,30,0.6090225563909775,0.5251572327044025,0.5613496932515337,0.52,0.5792079207920792,0.5261044176706827
PC,3,31,0.5972222222222222,0.5276872964169381,0.5691823899371069,0.5037593984962406,0.5742574257425742,0.5301204819277109
PC,3,32,0.6330935251798561,0.5128205128205128,0.5670731707317073,0.5040650406504065,0.5825242718446602,0.5224489795918368
PC,3,33,0.6323529411764706,0.5142857142857142,0.5636363636363636,0.512396694214876,0.5778894472361809,0.5277777777777778
PC,3,34,0.635036496350365,0.5127388535031847,0.5636363636363636,0.512396694214876,0.5784313725490197,0.5263157894736842
PC,3,35,0.6187050359712231,0.5192307692307693,0.5602409638554217,0.5210084033613446,0.5769230769230769,0.5267489711934157
PC,3,36,0.6433566433566433,0.5064935064935064,0.573208722741433,0.49230769230769234,0.5759162303664922,0.5307692307692308
PC,3,37,0.6225165562913907,0.5133333333333333,0.5558912386706949,0.5333333333333333,0.6029411764705882,0.5060728744939271
PC,3,38,0.6209150326797386,0.5134228187919463,0.5623100303951368,0.5163934426229508,0.5742574257425742,0.5301204819277109
PC,3,39,0.6344827586206897,0.5098039215686274,0.5623100303951368,0.5163934426229508,0.57,0.5338645418326693
PC,3,40,0.6176470588235294,0.5206349206349207,0.5648148148148148,0.5118110236220472,0.5784313725490197,0.5263157894736842
PC,3,41,0.6159420289855072,0.5207667731629393,0.5613496932515337,0.52,0.5833333333333334,0.5222672064777328
PC,3,42,0.6142857142857143,0.5209003215434084,0.56656346749226,0.5078125,0.5920398009950248,0.516
PC,3,43,0.6330935251798561,0.5128205128205128,0.5507692307692308,0.5476190476190477,0.5757575757575758,0.5296442687747036
PC,3,44,0.6028368794326241,0.5258064516129032,0.5508982035928144,0.5470085470085471,0.5735294117647058,0.5303643724696356
PC,3,45,0.624113475177305,0.5161290322580645,0.552870090634441,0.5416666666666666,0.5771144278606966,0.528
PC,3,46,0.60431654676259,0.5256410256410257,0.5562310030395137,0.5327868852459017,0.5678391959798995,0.5357142857142857
PC,3,47,0.6137931034482759,0.5196078431372549,0.5718654434250765,0.49193548387096775,0.5700483091787439,0.5327868852459017
PC,3,48,0.6170212765957447,0.5193548387096775,0.5548780487804879,0.5365853658536586,0.5714285714285714,0.5333333333333333
PC,3,49,0.6086956521739131,0.5239616613418531,0.5652173913043478,0.5116279069767442,0.5862068965517241,0.5201612903225806
PC,3,50,0.6394557823129252,0.506578947368421,0.5766871165644172,0.48,0.5776699029126213,0.5265306122448979
PC,3,51,0.6131386861313869,0.5222929936305732,0.5736196319018405,0.488,0.5671641791044776,0.536
PC,3,52,0.5958904109589042,0.5278688524590164,0.5645645645645646,0.5084745762711864,0.5721153846153846,0.5308641975308642
PC,3,53,0.6099290780141844,0.5225806451612903,0.5696969696969697,0.49586776859504134,0.5670103092783505,0.5369649805447471
PC,3,54,0.6258992805755396,0.5160256410256411,0.5479041916167665,0.5555555555555556,0.5748792270531401,0.5286885245901639
PC,3,55,0.6071428571428571,0.5241157556270096,0.5648148148148148,0.5118110236220472,0.56,0.5418326693227091
PC,3,56,0.6066666666666667,0.521594684385382,0.5609756097560976,0.5203252032520326,0.5628140703517588,0.5396825396825397
PC,3,57,0.5928571428571429,0.5305466237942122,0.5670731707317073,0.5040650406504065,0.558252427184466,0.5428571428571428
PC,3,58,0.5774647887323944,0.5372168284789643,0.5757575757575758,0.4793388429752066,0.5679611650485437,0.5346938775510204
PC,3,59,0.625,0.5174603174603175,0.5617283950617284,0.5196850393700787,0.5841584158415841,0.5220883534136547
PC,3,60,0.5972222222222222,0.5276872964169381,0.5590062111801242,0.5271317829457365,0.572139303482587,0.532
PC,3,61,0.6,0.5261437908496732,0.5701219512195121,0.4959349593495935,0.5656565656565656,0.5375494071146245
PC,3,62,0.6312056737588653,0.5129032258064516,0.5701219512195121,0.4959349593495935,0.5728643216080402,0.5317460317460317
PC,3,63,0.6040268456375839,0.5231788079470199,0.56,0.5238095238095238,0.5918367346938775,0.5176470588235295
PC,3,64,0.6102941176470589,0.5238095238095238,0.56,0.5238095238095238,0.5527638190954773,0.5476190476190477
PC,3,65,0.6222222222222222,0.5189873417721519,0.5666666666666667,0.5041322314049587,0.5812807881773399,0.5241935483870968
PC,3,66,0.6180555555555556,0.5179153094462541,0.5666666666666667,0.5041322314049587,0.5920398009950248,0.516
PC,3,67,0.6,0.5273311897106109,0.5654761904761905,0.5043478260869565,0.5686274509803921,0.5344129554655871
PC,3,68,0.6275862068965518,0.5130718954248366,0.5479041916167665,0.5555555555555556,0.5867346938775511,0.5215686274509804
PC,3,69,0.6095890410958904,0.521311475409836,0.558641975308642,0.5275590551181102,0.5728155339805825,0.5306122448979592
PC,3,70,0.6382978723404256,0.5096774193548387,0.5679012345679012,0.5039370078740157,0.5858585858585859,0.5217391304347826
PC,3,71,0.6301369863013698,0.5114754098360655,0.5652173913043478,0.5116279069767442,0.5706806282722513,0.5346153846153846
PC,3,72,0.6058394160583942,0.5254777070063694,0.559748427672956,0.5263157894736842,0.5538461538461539,0.546875
PC,3,73,0.5899280575539568,0.532051282051282,0.55625,0.5343511450381679,0.5497382198952879,0.55
PC,3,74,0.6083916083916084,0.5227272727272727,0.562111801242236,0.5193798449612403,0.5678391959798995,0.5357142857142857
PC,3,75,0.6133333333333333,0.5182724252491694,0.5696969696969697,0.49586776859504134,0.5751295336787565,0.5310077519379846
PC,3,76,0.5895522388059702,0.5331230283911672,0.559375,0.5267175572519084,0.5759162303664922,0.5307692307692308
PC,3,77,0.6418918918918919,0.504950495049505,0.5766871165644172,0.48,0.5792079207920792,0.5261044176706827
PC,3,78,0.5986394557823129,0.5263157894736842,0.5535168195718655,0.5403225806451613,0.5911330049261084,0.5161290322580645
PC,3,79,0.6223776223776224,0.5162337662337663,0.5607476635514018,0.5230769230769231,0.5671641791044776,0.536
PC,3,80,0.6267605633802817,0.5145631067961165,0.5652173913043478,0.5116279069767442,0.5609756097560976,0.540650406504065
PC,3,81,0.6338028169014085,0.511326860841424,0.5542168674698795,0.5378151260504201,0.5763546798029556,0.5282258064516129
PC,3,82,0.6319444444444444,0.511400651465798,0.5736196319018405,0.488,0.5979381443298969,0.5136186770428015
PC,3,83,0.6304347826086957,0.5143769968051118,0.5615615615615616,0.5169491525423728,0.5621890547263682,0.54
PC,3,84,0.6223776223776224,0.5162337662337663,0.5636363636363636,0.512396694214876,0.5893719806763285,0.5163934426229508
PC,3,85,0.6137931034482759,0.5196078431372549,0.5603715170278638,0.5234375,0.5792079207920792,0.5261044176706827
PC,3,86,0.6187050359712231,0.5192307692307693,0.5628930817610063,0.518796992481203,0.5621890547263682,0.54
PC,3,87,0.6293706293706294,0.512987012987013,0.5572755417956656,0.53125,0.5463414634146342,0.5528455284552846
PC,3,88,0.5944055944055944,0.5292207792207793,0.5683890577507599,0.5,0.5619047619047619,0.5394190871369294
PC,3,89,0.6370370370370371,0.5126582278481012,0.56797583081571,0.5,0.5678391959798995,0.5357142857142857
PC,3,90,0.6330935251798561,0.5128205128205128,0.5768025078369906,0.48484848484848486,0.5714285714285714,0.5333333333333333
PC,3,91,0.6204379562043796,0.5191082802547771,0.5740181268882175,0.48333333333333334,0.5741626794258373,0.5289256198347108
PC,3,92,0.6197183098591549,0.517799352750809,0.5666666666666667,0.5041322314049587,0.5757575757575758,0.5296442687747036
PC,3,93,0.6323529411764706,0.5142857142857142,0.5642633228840125,0.5151515151515151,0.565,0.5378486055776892
PC,3,94,0.6099290780141844,0.5225806451612903,0.5709969788519638,0.49166666666666664,0.5714285714285714,0.5311203319502075
PC,3,95,0.6338028169014085,0.511326860841424,0.5657492354740061,0.5080645161290323,0.5663265306122449,0.5372549019607843
PC,3,96,0.6170212765957447,0.5193548387096775,0.558282208588957,0.528,0.5544554455445545,0.5461847389558233
PC,3,97,0.6126760563380281,0.5210355987055016,0.5692307692307692,0.5,0.5841584158415841,0.5220883534136547
PC,3,98,0.624113475177305,0.5161290322580645,0.5555555555555556,0.5354330708661418,0.5658536585365853,0.5365853658536586
PC,3,99,0.6054421768707483,0.5230263157894737,0.5468277945619335,0.5583333333333333,0.5804878048780487,0.524390243902439
PC,4,0,0.6046511627906976,0.532051282051282,0.559375,0.5371900826446281,0.5445026178010471,0.56
PC,4,1,0.6176470588235294,0.5245901639344263,0.5527950310559007,0.5546218487394958,0.5440414507772021,0.5604838709677419
PC,4,2,0.6363636363636364,0.517799352750809,0.5565749235474006,0.543859649122807,0.5431472081218274,0.5614754098360656
PC,4,3,0.6086956521739131,0.528052805280528,0.554858934169279,0.5491803278688525,0.5538461538461539,0.5528455284552846
PC,4,4,0.6044776119402985,0.5309446254071661,0.56656346749226,0.5169491525423728,0.5210526315789473,0.5776892430278885
PC,4,5,0.6363636363636364,0.517799352750809,0.5635179153094463,0.5298507462686567,0.5544041450777202,0.5524193548387096
PC,4,6,0.6044776119402985,0.5309446254071661,0.5523809523809524,0.5555555555555556,0.5157894736842106,0.5816733067729084
PC,4,7,0.6267605633802817,0.5183946488294314,0.554858934169279,0.5491803278688525,0.5282051282051282,0.573170731707317
PC,4,8,0.5925925925925926,0.5359477124183006,0.554140127388535,0.5511811023622047,0.533678756476684,0.5685483870967742
PC,4,9,0.6283783783783784,0.515358361774744,0.5482866043613707,0.5666666666666667,0.5257731958762887,0.5748987854251012
PC,4,10,0.60431654676259,0.5298013245033113,0.5579937304075235,0.5409836065573771,0.5204081632653061,0.5795918367346938
PC,4,11,0.6258992805755396,0.5198675496688742,0.5538461538461539,0.5517241379310345,0.5260416666666666,0.5742971887550201
PC,4,12,0.644927536231884,0.5115511551155115,0.562111801242236,0.5294117647058824,0.5303030303030303,0.5720164609053497
PC,4,13,0.5957446808510638,0.5333333333333333,0.55625,0.5454545454545454,0.5412371134020618,0.562753036437247
PC,4,14,0.644927536231884,0.5115511551155115,0.5596330275229358,0.5350877192982456,0.5618556701030928,0.5465587044534413
PC,4,15,0.6187050359712231,0.5231788079470199,0.5700636942675159,0.5118110236220472,0.53,0.5726141078838174
PC,4,16,0.6390977443609023,0.5162337662337663,0.5659163987138264,0.5230769230769231,0.5353535353535354,0.5679012345679012
PC,4,17,0.6194029850746269,0.5244299674267101,0.5496894409937888,0.5630252100840336,0.5284974093264249,0.5725806451612904
PC,4,18,0.6136363636363636,0.5275080906148867,0.5583596214511041,0.5403225806451613,0.5329949238578681,0.569672131147541
PC,4,19,0.6159420289855072,0.5247524752475248,0.5654952076677316,0.5234375,0.5294117647058824,0.5708661417322834
PC,4,20,0.6058394160583942,0.5296052631578947,0.560126582278481,0.536,0.5364583333333334,0.5662650602409639
PC,4,21,0.6330935251798561,0.5165562913907285,0.555205047318612,0.5483870967741935,0.5408163265306123,0.563265306122449
PC,4,22,0.6180555555555556,0.5218855218855218,0.5664556962025317,0.52,0.5384615384615384,0.5650406504065041
PC,4,23,0.6323529411764706,0.5180327868852459,0.5628930817610063,0.5284552845528455,0.5380434782608695,0.5642023346303502
PC,4,24,0.6159420289855072,0.5247524752475248,0.5482866043613707,0.5666666666666667,0.515,0.5850622406639004
PC,4,25,0.6099290780141844,0.5266666666666666,0.5570032573289903,0.5447761194029851,0.5282051282051282,0.573170731707317
PC,4,26,0.6028368794326241,0.53,0.5605095541401274,0.5354330708661418,0.5421052631578948,0.5617529880478087
PC,4,27,0.6293706293706294,0.5167785234899329,0.5634674922600619,0.5254237288135594,0.5538461538461539,0.5528455284552846
PC,4,28,0.6344827586206897,0.5135135135135135,0.553125,0.5537190082644629,0.5495049504950495,0.5564853556485355
PC,4,29,0.6058394160583942,0.5296052631578947,0.5545171339563862,0.55,0.53125,0.570281124497992
PC,4,30,0.6428571428571429,0.5116279069767442,0.5566037735849056,0.5447154471544715,0.5364583333333334,0.5662650602409639
PC,4,31,0.631578947368421,0.5194805194805194,0.5623003194888179,0.53125,0.5202020202020202,0.5802469135802469
PC,4,32,0.5755395683453237,0.543046357615894,0.5674846625766872,0.5130434782608696,0.5323383084577115,0.5708333333333333
PC,4,33,0.6423357664233577,0.5131578947368421,0.5474683544303798,0.568,0.5368421052631579,0.5657370517928287
PC,4,34,0.6197183098591549,0.5217391304347826,0.5641025641025641,0.5271317829457365,0.5483870967741935,0.5568627450980392
PC,4,35,0.6293706293706294,0.5167785234899329,0.5523809523809524,0.5555555555555556,0.5414634146341464,0.5635593220338984
PC,4,36,0.6083916083916084,0.5268456375838926,0.5488958990536278,0.5645161290322581,0.5230769230769231,0.5772357723577236
PC,4,37,0.6206896551724138,0.5202702702702703,0.5548780487804879,0.5486725663716814,0.5490196078431373,0.5569620253164557
PC,4,38,0.6363636363636364,0.517799352750809,0.5642633228840125,0.5245901639344263,0.5412371134020618,0.562753036437247
PC,4,39,0.6086956521739131,0.528052805280528,0.5625,0.5289256198347108,0.5431472081218274,0.5614754098360656
PC,4,40,0.6165413533834586,0.525974025974026,0.5559006211180124,0.5462184873949579,0.5353535353535354,0.5679012345679012
PC,4,41,0.6170212765957447,0.5233333333333333,0.5538461538461539,0.5517241379310345,0.538860103626943,0.5645161290322581
PC,4,42,0.6187050359712231,0.5231788079470199,0.5524691358024691,0.5555555555555556,0.5412371134020618,0.562753036437247
PC,4,43,0.6102941176470589,0.5278688524590164,0.5691823899371069,0.5121951219512195,0.5343915343915344,0.5674603174603174
PC,4,44,0.6131386861313869,0.5263157894736842,0.55625,0.5454545454545454,0.5396039603960396,0.5648535564853556
PC,4,45,0.6122448979591837,0.5238095238095238,0.5632911392405063,0.528,0.5306122448979592,0.5714285714285714
PC,4,46,0.6148148148148148,0.5261437908496732,0.5628930817610063,0.5284552845528455,0.5416666666666666,0.5622489959839357
PC,4,47,0.6544117647058824,0.5081967213114754,0.5764331210191083,0.49606299212598426,0.5126903553299492,0.5860655737704918
PC,4,48,0.5928571428571429,0.5348837209302325,0.559375,0.5371900826446281,0.5204081632653061,0.5795918367346938
PC,4,49,0.6277372262773723,0.5197368421052632,0.5583596214511041,0.5403225806451613,0.5463917525773195,0.5587044534412956
PC,4,50,0.6285714285714286,0.5182724252491694,0.5460122699386503,0.5739130434782609,0.5492227979274611,0.5564516129032258
PC,4,51,0.6086956521739131,0.528052805280528,0.559375,0.5371900826446281,0.527363184079602,0.575
PC,4,52,0.6046511627906976,0.532051282051282,0.5566037735849056,0.5447154471544715,0.535,0.5684647302904564
PC,4,53,0.6029411764705882,0.5311475409836065,0.56,0.5344827586206896,0.5347593582887701,0.5669291338582677
PC,4,54,0.6142857142857143,0.5249169435215947,0.5596330275229358,0.5350877192982456,0.5202020202020202,0.5802469135802469
PC,4,55,0.6187050359712231,0.5231788079470199,0.5569620253164557,0.544,0.5181347150259067,0.5806451612903226
PC,4,56,0.6115107913669064,0.5264900662251656,0.5506329113924051,0.56,0.5463917525773195,0.5587044534412956
PC,4,57,0.6277372262773723,0.5197368421052632,0.5583596214511041,0.5403225806451613,0.5401069518716578,0.562992125984252
PC,4,58,0.5984848484848485,0.5339805825242718,0.546875,0.5702479338842975,0.515625,0.5823293172690763
PC,4,59,0.6343283582089553,0.5179153094462541,0.5632911392405063,0.528,0.55,0.5560165975103735
PC,4,60,0.6296296296296297,0.5196078431372549,0.546875,0.5702479338842975,0.5572916666666666,0.5502008032128514
PC,4,61,0.6330935251798561,0.5165562913907285,0.5617283950617284,0.5299145299145299,0.545,0.5601659751037344
PC,4,62,0.6071428571428571,0.5282392026578073,0.5591054313099042,0.5390625,0.5329949238578681,0.569672131147541
PC,4,63,0.6148148148148148,0.5261437908496732,0.567398119122257,0.5163934426229508,0.5208333333333334,0.5783132530120482
PC,4,64,0.6176470588235294,0.5245901639344263,0.5454545454545454,0.5737704918032787,0.5357142857142857,0.5673469387755102
PC,4,65,0.5970149253731343,0.5342019543973942,0.5492063492063493,0.5634920634920635,0.5159574468085106,0.5810276679841897
PC,4,66,0.6204379562043796,0.5230263157894737,0.559748427672956,0.5365853658536586,0.5309278350515464,0.5708502024291497
PC,4,67,0.6040268456375839,0.5273972602739726,0.5653495440729484,0.5178571428571429,0.5320197044334976,0.5714285714285714
PC,4,68,0.6258992805755396,0.5198675496688742,0.5619047619047619,0.5317460317460317,0.5154639175257731,0.582995951417004
PC,4,69,0.6180555555555556,0.5218855218855218,0.5657492354740061,0.5175438596491229,0.5609756097560976,0.5466101694915254
PC,4,70,0.6165413533834586,0.525974025974026,0.5576923076923077,0.5426356589147286,0.5287958115183246,0.572
PC,4,71,0.6382978723404256,0.5133333333333333,0.562111801242236,0.5294117647058824,0.5380710659898477,0.5655737704918032
PC,4,72,0.6222222222222222,0.5228758169934641,0.558641975308642,0.5384615384615384,0.5618556701030928,0.5465587044534413
PC,4,73,0.6131386861313869,0.5263157894736842,0.550314465408805,0.5609756097560976,0.5228426395939086,0.5778688524590164
PC,4,74,0.6567164179104478,0.50814332247557,0.569620253164557,0.512,0.5647668393782384,0.5443548387096774
PC,4,75,0.6058394160583942,0.5296052631578947,0.5714285714285714,0.5042016806722689,0.5404040404040404,0.5637860082304527
PC,4,76,0.6214285714285714,0.521594684385382,0.5527950310559007,0.5546218487394958,0.5202020202020202,0.5802469135802469
PC,4,77,0.6041666666666666,0.5286195286195287,0.5652173913043478,0.5210084033613446,0.5098039215686274,0.5907172995780591
PC,4,78,0.6176470588235294,0.5245901639344263,0.5457413249211357,0.5725806451612904,0.5497382198952879,0.556
PC,4,79,0.6102941176470589,0.5278688524590164,0.5523809523809524,0.5555555555555556,0.5228426395939086,0.5778688524590164
PC,4,80,0.6159420289855072,0.5247524752475248,0.55,0.5619834710743802,0.5360824742268041,0.5668016194331984
PC,4,81,0.6338028169014085,0.5150501672240803,0.5709779179810726,0.5080645161290323,0.5408163265306123,0.563265306122449
PC,4,82,0.5971223021582733,0.5331125827814569,0.5634674922600619,0.5254237288135594,0.5408163265306123,0.563265306122449
PC,4,83,0.6133333333333333,0.5223367697594502,0.5638629283489096,0.525,0.5459183673469388,0.5591836734693878
PC,4,84,0.5766423357664233,0.5427631578947368,0.5660377358490566,0.5203252032520326,0.5522388059701493,0.5541666666666667
PC,4,85,0.6376811594202898,0.5148514851485149,0.562111801242236,0.5294117647058824,0.5487179487179488,0.556910569105691
PC,4,86,0.6102941176470589,0.5278688524590164,0.559748427672956,0.5365853658536586,0.5357142857142857,0.5673469387755102
PC,4,87,0.6423357664233577,0.5131578947368421,0.5632911392405063,0.528,0.5260416666666666,0.5742971887550201
PC,4,88,0.6142857142857143,0.5249169435215947,0.5548780487804879,0.5486725663716814,0.5380710659898477,0.5655737704918032
PC,4,89,0.6304347826086957,0.5181518151815182,0.5634674922600619,0.5254237288135594,0.5384615384615384,0.5650406504065041
PC,4,90,0.6029411764705882,0.5311475409836065,0.5628930817610063,0.5284552845528455,0.5294117647058824,0.5708661417322834
PC,4,91,0.6159420289855072,0.5247524752475248,0.5566037735849056,0.5447154471544715,0.5477386934673367,0.5578512396694215
PC,4,92,0.6214285714285714,0.521594684385382,0.559748427672956,0.5365853658536586,0.5353535353535354,0.5679012345679012
PC,4,93,0.5923076923076923,0.5369774919614148,0.555205047318612,0.5483870967741935,0.5279187817258884,0.5737704918032787
PC,4,94,0.6370370370370371,0.5163398692810458,0.5682539682539682,0.5158730158730159,0.5572916666666666,0.5502008032128514
PC,4,95,0.636986301369863,0.511864406779661,0.5628930817610063,0.5284552845528455,0.5333333333333333,0.5691056910569106
PC,4,96,0.6074074074074074,0.5294117647058824,0.5590062111801242,0.5378151260504201,0.5404040404040404,0.5637860082304527
PC,4,97,0.6304347826086957,0.5181518151815182,0.5701219512195121,0.504424778761062,0.5431472081218274,0.5614754098360656
PC,4,98,0.6204379562043796,0.5230263157894737,0.5727848101265823,0.504,0.55,0.5560165975103735
PC,4,99,0.624113475177305,0.52,0.5669781931464174,0.5166666666666667,0.5505050505050505,0.5555555555555556
