sub,window,fold,success_high_cond_correct_low,success_high_cond_correct_high,success_high_cond_awareness_low,success_high_cond_awareness_high,success_high_cond_confidence_low,success_high_cond_confidence_high,success_high_cond_RT_correct_low,success_high_cond_RT_correct_high,success_high_cond_RT_awareness_low,success_high_cond_RT_awareness_high,success_high_cond_RT_confidence_low,success_high_cond_RT_confidence_high
NN,1,0,0.35294117647058826,0.5068807339449541,0.21153846153846154,0.6369426751592356,0.30677290836653387,0.7123287671232876,0.6,0.3949579831932773,0.604982206405694,0.3851851851851852,0.5565610859728507,0.4794520547945205
NN,1,1,0.21875,0.5159817351598174,0.18354430379746836,0.6538461538461539,0.296875,0.7336448598130841,0.5960264900662252,0.39215686274509803,0.6057347670250897,0.38848920863309355,0.5586854460093896,0.47619047619047616
NN,1,2,0.2894736842105263,0.5138888888888888,0.21212121212121213,0.6491803278688525,0.2931726907630522,0.7239819004524887,0.6083916083916084,0.40350877192982454,0.6,0.3958333333333333,0.5467289719626168,0.496551724137931
NN,1,3,0.2702702702702703,0.5150115473441108,0.175,0.6612903225806451,0.31225296442687744,0.7096774193548387,0.6190476190476191,0.3490566037735849,0.6071428571428571,0.37857142857142856,0.5654205607476636,0.46
NN,1,4,0.2702702702702703,0.5150115473441108,0.19480519480519481,0.6424050632911392,0.30739299610894943,0.7230046948356808,0.59375,0.41739130434782606,0.5971223021582733,0.3986013986013986,0.5377358490566038,0.4774193548387097
NN,1,5,0.2903225806451613,0.510250569476082,0.18543046357615894,0.6426332288401254,0.3137254901960784,0.7116279069767442,0.5858585858585859,0.41904761904761906,0.6048951048951049,0.3851851851851852,0.5488372093023256,0.4697986577181208
NN,1,6,0.4,0.5022727272727273,0.18831168831168832,0.6455696202531646,0.304,0.7136363636363636,0.5910652920962199,0.41964285714285715,0.5915492957746479,0.39552238805970147,0.5454545454545454,0.4794520547945205
NN,1,7,0.19444444444444445,0.5207373271889401,0.17307692307692307,0.6560509554140127,0.30039525691699603,0.7235023041474654,0.6041666666666666,0.39823008849557523,0.5929824561403508,0.3953488372093023,0.5566037735849056,0.5066666666666667
NN,1,8,0.2777777777777778,0.5138248847926268,0.18867924528301888,0.6527331189710611,0.31153846153846154,0.7238095238095238,0.6188811188811189,0.3644067796610169,0.6181818181818182,0.3695652173913043,0.5613207547169812,0.4805194805194805
NN,1,9,0.23529411764705882,0.5160550458715596,0.19333333333333333,0.6375,0.316,0.7,0.5919732441471572,0.4,0.5957446808510638,0.39285714285714285,0.5539906103286385,0.5102040816326531
NN,1,10,0.2647058823529412,0.5137614678899083,0.2,0.6412698412698413,0.3147410358565737,0.7031963470319634,0.5944055944055944,0.42342342342342343,0.6007067137809188,0.3969465648854962,0.5355450236966824,0.5099337748344371
NN,1,11,0.25,0.5161290322580645,0.19230769230769232,0.6464968152866242,0.304,0.7136363636363636,0.6068965517241379,0.3944954128440367,0.5993031358885017,0.362962962962963,0.5560747663551402,0.4900662251655629
NN,1,12,0.21875,0.5159817351598174,0.16447368421052633,0.6540880503144654,0.29961089494163423,0.7323943661971831,0.6027874564459931,0.423728813559322,0.6213235294117647,0.375,0.580952380952381,0.45695364238410596
NN,1,13,0.2647058823529412,0.5137614678899083,0.2073170731707317,0.6503267973856209,0.29838709677419356,0.7162162162162162,0.5993150684931506,0.4090909090909091,0.6007067137809188,0.4090909090909091,0.5613207547169812,0.4864864864864865
NN,1,14,0.2647058823529412,0.5137614678899083,0.189873417721519,0.6506410256410257,0.30952380952380953,0.7110091743119266,0.6082474226804123,0.39823008849557523,0.6,0.38235294117647056,0.568075117370892,0.48344370860927155
NN,1,15,0.3142857142857143,0.5103448275862069,0.20382165605095542,0.6421725239616614,0.3151750972762646,0.7136150234741784,0.6027874564459931,0.4107142857142857,0.5905797101449275,0.41379310344827586,0.5377777777777778,0.46808510638297873
NN,1,16,0.2894736842105263,0.5138888888888888,0.1962025316455696,0.6474358974358975,0.3127413127413127,0.7203791469194313,0.6095890410958904,0.37272727272727274,0.6129032258064516,0.38235294117647056,0.54337899543379,0.4966442953020134
NN,1,17,0.3,0.509090909090909,0.1895424836601307,0.6435331230283912,0.3031496062992126,0.7222222222222222,0.6027397260273972,0.38461538461538464,0.6079136690647482,0.40145985401459855,0.5305164319248826,0.4967741935483871
NN,1,18,0.2702702702702703,0.5150115473441108,0.19254658385093168,0.6537216828478964,0.2924901185770751,0.7327188940092166,0.6067796610169491,0.38317757009345793,0.5992779783393501,0.39568345323741005,0.5681818181818182,0.4563758389261745
NN,1,19,0.29411764705882354,0.5114678899082569,0.18666666666666668,0.640625,0.29411764705882354,0.7348837209302326,0.6013513513513513,0.39473684210526316,0.5957446808510638,0.3795620437956204,0.5475113122171946,0.49295774647887325
NN,1,20,0.3142857142857143,0.5103448275862069,0.18867924528301888,0.6527331189710611,0.3147410358565737,0.7031963470319634,0.5985915492957746,0.4065040650406504,0.594306049822064,0.4117647058823529,0.5509259259259259,0.48026315789473684
NN,1,21,0.3142857142857143,0.5103448275862069,0.2,0.6412698412698413,0.3107569721115538,0.7077625570776256,0.5833333333333334,0.4358974358974359,0.5886524822695035,0.41353383458646614,0.5406698564593302,0.4866666666666667
NN,1,22,0.25,0.5161290322580645,0.20754716981132076,0.6430868167202572,0.30952380952380953,0.7110091743119266,0.6041666666666666,0.41379310344827586,0.5909090909090909,0.38848920863309355,0.5523809523809524,0.49333333333333335
NN,1,23,0.2972972972972973,0.5127020785219399,0.1910828025477707,0.6485623003194888,0.3092369477911647,0.7058823529411765,0.593103448275862,0.44642857142857145,0.5871886120996441,0.41605839416058393,0.5296803652968036,0.5170068027210885
NN,1,24,0.25,0.5161290322580645,0.17567567567567569,0.6428571428571429,0.3031496062992126,0.7222222222222222,0.5979381443298969,0.40707964601769914,0.6137184115523465,0.37857142857142856,0.5229357798165137,0.5266666666666666
NN,1,25,0.2777777777777778,0.5138248847926268,0.18064516129032257,0.6507936507936508,0.308300395256917,0.7142857142857143,0.6067796610169491,0.38392857142857145,0.6205673758865248,0.3582089552238806,0.5534883720930233,0.46357615894039733
NN,1,26,0.26666666666666666,0.5113636363636364,0.19205298013245034,0.6394984326018809,0.29880478087649404,0.7214611872146118,0.5973597359735974,0.3942307692307692,0.6082474226804123,0.35766423357664234,0.5619469026548672,0.45925925925925926
NN,1,27,0.23333333333333334,0.5136363636363637,0.18064516129032257,0.6507936507936508,0.2923076923076923,0.7476190476190476,0.6047297297297297,0.38181818181818183,0.6064981949458483,0.391304347826087,0.5405405405405406,0.48299319727891155
NN,1,28,0.16666666666666666,0.5181818181818182,0.16891891891891891,0.6459627329192547,0.28112449799196787,0.7375565610859729,0.597972972972973,0.4036697247706422,0.5979020979020979,0.3851851851851852,0.5381165919282511,0.5172413793103449
NN,1,29,0.2413793103448276,0.5124716553287982,0.19607843137254902,0.6403785488958991,0.2908366533864542,0.730593607305936,0.590443686006826,0.39655172413793105,0.5929824561403508,0.40298507462686567,0.5384615384615384,0.4931506849315068
NN,1,30,0.29411764705882354,0.5114678899082569,0.1870967741935484,0.6476190476190476,0.3147410358565737,0.7031963470319634,0.5856164383561644,0.45045045045045046,0.5985663082437276,0.40145985401459855,0.5391705069124424,0.4899328859060403
NN,1,31,0.32432432432432434,0.5103926096997691,0.20512820512820512,0.6401273885350318,0.3055555555555556,0.7155963302752294,0.5923344947735192,0.43103448275862066,0.6091549295774648,0.3609022556390977,0.5534883720930233,0.4897959183673469
NN,1,32,0.3076923076923077,0.5127610208816705,0.20625,0.6451612903225806,0.32170542635658916,0.7075471698113207,0.602112676056338,0.41739130434782606,0.6014492753623188,0.3732394366197183,0.5467289719626168,0.48299319727891155
NN,1,33,0.23076923076923078,0.5197215777262181,0.2,0.6483870967741936,0.3023255813953488,0.7311320754716981,0.5949820788530465,0.42276422764227645,0.6199261992619927,0.36423841059602646,0.5446009389671361,0.5
NN,1,34,0.3142857142857143,0.5103448275862069,0.20382165605095542,0.6421725239616614,0.29411764705882354,0.7348837209302326,0.5986394557823129,0.38392857142857145,0.6070175438596491,0.35251798561151076,0.5357142857142857,0.5179856115107914
NN,1,35,0.2894736842105263,0.5138888888888888,0.19375,0.6516129032258065,0.3023255813953488,0.7311320754716981,0.6028368794326241,0.4117647058823529,0.6209386281588448,0.3805970149253731,0.5518867924528302,0.474025974025974
NN,1,36,0.3142857142857143,0.5103448275862069,0.18867924528301888,0.6527331189710611,0.30739299610894943,0.7230046948356808,0.6,0.3942307692307692,0.605072463768116,0.38686131386861317,0.5422222222222223,0.4857142857142857
NN,1,37,0.3142857142857143,0.5103448275862069,0.20754716981132076,0.6430868167202572,0.3103448275862069,0.7272727272727273,0.6035087719298246,0.40336134453781514,0.5942028985507246,0.4172661870503597,0.5384615384615384,0.4863013698630137
NN,1,38,0.21875,0.5159817351598174,0.17307692307692307,0.6560509554140127,0.2891566265060241,0.7285067873303167,0.6,0.37272727272727274,0.6134751773049646,0.36496350364963503,0.5486725663716814,0.5106382978723404
NN,1,39,0.2857142857142857,0.5126436781609195,0.1870967741935484,0.6476190476190476,0.2980392156862745,0.7302325581395349,0.6026936026936027,0.4,0.6083916083916084,0.3787878787878788,0.547945205479452,0.4892086330935252
NN,1,40,0.21212121212121213,0.517162471395881,0.19333333333333333,0.6375,0.30364372469635625,0.7085201793721974,0.5782312925170068,0.4594594594594595,0.5842293906810035,0.4154929577464789,0.5267857142857143,0.5034013605442177
NN,1,41,0.24242424242424243,0.5148741418764302,0.19230769230769232,0.6464968152866242,0.3031496062992126,0.7222222222222222,0.5888501742160279,0.4358974358974359,0.5964285714285714,0.38571428571428573,0.5454545454545454,0.5163398692810458
NN,1,42,0.2777777777777778,0.5138248847926268,0.18493150684931506,0.6358024691358025,0.30434782608695654,0.7188940092165899,0.5979381443298969,0.41228070175438597,0.6063829787234043,0.38405797101449274,0.5436893203883495,0.4935897435897436
NN,1,43,0.2222222222222222,0.5184331797235023,0.18471337579617833,0.6517571884984026,0.3023255813953488,0.7311320754716981,0.6048109965635738,0.4017857142857143,0.60431654676259,0.3897058823529412,0.5450236966824644,0.4838709677419355
NN,1,44,0.28125,0.5114155251141552,0.1895424836601307,0.6435331230283912,0.2896825396825397,0.7339449541284404,0.5958188153310104,0.4298245614035088,0.6007067137809188,0.3805970149253731,0.5466666666666666,0.48299319727891155
NN,1,45,0.2857142857142857,0.5126436781609195,0.17419354838709677,0.653968253968254,0.30278884462151395,0.7168949771689498,0.5884353741496599,0.4336283185840708,0.599290780141844,0.38405797101449274,0.5485436893203883,0.4966887417218543
NN,1,46,0.30303030303030304,0.5102974828375286,0.1949685534591195,0.6495176848874598,0.30434782608695654,0.7188940092165899,0.5925925925925926,0.4074074074074074,0.5985915492957746,0.40601503759398494,0.5475113122171946,0.5034965034965035
NN,1,47,0.2571428571428571,0.5149425287356322,0.19607843137254902,0.6403785488958991,0.29098360655737704,0.7168141592920354,0.5909090909090909,0.43478260869565216,0.5971731448763251,0.3795620437956204,0.5592417061611374,0.4966887417218543
NN,1,48,0.2894736842105263,0.5138888888888888,0.1949685534591195,0.6495176848874598,0.3076923076923077,0.7285714285714285,0.6068965517241379,0.4017094017094017,0.6137184115523465,0.3669064748201439,0.5687203791469194,0.4868421052631579
NN,1,49,0.3142857142857143,0.5103448275862069,0.19863013698630136,0.6296296296296297,0.308300395256917,0.7142857142857143,0.593103448275862,0.42342342342342343,0.6042402826855123,0.37593984962406013,0.539906103286385,0.48366013071895425
NN,1,50,0.2972972972972973,0.5127020785219399,0.20382165605095542,0.6421725239616614,0.3076923076923077,0.7285714285714285,0.5878136200716846,0.4491525423728814,0.6088560885608856,0.4084507042253521,0.5446009389671361,0.4899328859060403
NN,1,51,0.2857142857142857,0.5126436781609195,0.21019108280254778,0.6389776357827476,0.3062015503875969,0.7264150943396226,0.5859649122807018,0.452991452991453,0.6086956521739131,0.38405797101449274,0.5308056872037915,0.5
NN,1,52,0.29411764705882354,0.5114678899082569,0.1935483870967742,0.6444444444444445,0.288,0.7318181818181818,0.6047297297297297,0.41509433962264153,0.6145454545454545,0.37410071942446044,0.5633802816901409,0.47651006711409394
NN,1,53,0.2571428571428571,0.5149425287356322,0.19736842105263158,0.6383647798742138,0.29838709677419356,0.7162162162162162,0.593103448275862,0.41964285714285715,0.5859649122807018,0.39849624060150374,0.5471698113207547,0.4868421052631579
NN,1,54,0.21212121212121213,0.517162471395881,0.18181818181818182,0.6487341772151899,0.3055555555555556,0.7155963302752294,0.5958904109589042,0.4,0.5993031358885017,0.3858267716535433,0.5391705069124424,0.4866666666666667
NN,1,55,0.29411764705882354,0.5114678899082569,0.17647058823529413,0.6498422712933754,0.30039525691699603,0.7235023041474654,0.5972696245733788,0.40350877192982454,0.5944055944055944,0.39097744360902253,0.5560747663551402,0.4827586206896552
NN,1,56,0.3,0.509090909090909,0.21656050955414013,0.6357827476038339,0.3046875,0.7242990654205608,0.5966101694915255,0.4017857142857143,0.6022304832713755,0.4068965517241379,0.5462962962962963,0.4866666666666667
NN,1,57,0.2727272727272727,0.5125858123569794,0.18471337579617833,0.6517571884984026,0.30120481927710846,0.7149321266968326,0.5972222222222222,0.43478260869565216,0.5915492957746479,0.417910447761194,0.54337899543379,0.49324324324324326
NN,1,58,0.2571428571428571,0.5149425287356322,0.16891891891891891,0.6459627329192547,0.32061068702290074,0.7163461538461539,0.5951557093425606,0.40869565217391307,0.5913978494623656,0.4264705882352941,0.5525114155251142,0.48322147651006714
NN,1,59,0.3333333333333333,0.5080091533180778,0.2012987012987013,0.6392405063291139,0.30522088353413657,0.7104072398190046,0.5924657534246576,0.42016806722689076,0.5971731448763251,0.37681159420289856,0.5299539170506913,0.4896551724137931
NN,1,60,0.21875,0.5159817351598174,0.19205298013245034,0.6394984326018809,0.30120481927710846,0.7149321266968326,0.5924657534246576,0.4051724137931034,0.5935251798561151,0.4,0.5355450236966824,0.5095541401273885
NN,1,61,0.29411764705882354,0.5114678899082569,0.1949685534591195,0.6495176848874598,0.29880478087649404,0.7214611872146118,0.6006944444444444,0.40869565217391307,0.6071428571428571,0.36496350364963503,0.539906103286385,0.5031847133757962
NN,1,62,0.2682926829268293,0.5174825174825175,0.18354430379746836,0.6538461538461539,0.29365079365079366,0.7293577981651376,0.608540925266904,0.4297520661157025,0.6071428571428571,0.381294964028777,0.5388127853881278,0.5067567567567568
NN,1,63,0.25806451612903225,0.5125284738041003,0.1610738255033557,0.6510903426791277,0.3110236220472441,0.7129629629629629,0.5888501742160279,0.4369747899159664,0.6063829787234043,0.37777777777777777,0.5458715596330275,0.5202702702702703
NN,1,64,0.25,0.5136986301369864,0.17307692307692307,0.6560509554140127,0.2976190476190476,0.7247706422018348,0.6089965397923875,0.3728813559322034,0.6134751773049646,0.3609022556390977,0.56,0.4791666666666667
NN,1,65,0.3,0.509090909090909,0.19078947368421054,0.6415094339622641,0.313953488372093,0.7169811320754716,0.5777027027027027,0.42201834862385323,0.5907473309608541,0.3925925925925926,0.5244444444444445,0.5034013605442177
NN,1,66,0.2777777777777778,0.5138248847926268,0.2085889570552147,0.6482084690553745,0.30677290836653387,0.7123287671232876,0.593103448275862,0.42857142857142855,0.6029411764705882,0.3931034482758621,0.5305164319248826,0.5131578947368421
NN,1,67,0.2972972972972973,0.5127020785219399,0.19480519480519481,0.6424050632911392,0.3,0.7380952380952381,0.6089965397923875,0.37815126050420167,0.604982206405694,0.3795620437956204,0.5467289719626168,0.4899328859060403
NN,1,68,0.30303030303030304,0.5102974828375286,0.18125,0.6580645161290323,0.3055555555555556,0.7155963302752294,0.5924657534246576,0.42105263157894735,0.6079136690647482,0.36428571428571427,0.5502392344497608,0.506578947368421
NN,1,69,0.23684210526315788,0.5185185185185185,0.17880794701986755,0.64576802507837,0.30196078431372547,0.7255813953488373,0.5916955017301038,0.4336283185840708,0.607773851590106,0.37593984962406013,0.5539906103286385,0.5100671140939598
NN,1,70,0.2857142857142857,0.5126436781609195,0.20496894409937888,0.6472491909385113,0.3153846153846154,0.719047619047619,0.5813148788927336,0.4369747899159664,0.6007194244604317,0.391304347826087,0.5428571428571428,0.487012987012987
NN,1,71,0.2857142857142857,0.5126436781609195,0.17687074829931973,0.6408668730650154,0.30434782608695654,0.7188940092165899,0.6083916083916084,0.4,0.5894736842105263,0.3939393939393939,0.5636363636363636,0.47297297297297297
NN,1,72,0.25,0.5161290322580645,0.18292682926829268,0.6633986928104575,0.3110236220472441,0.7129629629629629,0.603448275862069,0.39823008849557523,0.5921985815602837,0.40601503759398494,0.5509259259259259,0.506578947368421
NN,1,73,0.3055555555555556,0.511520737327189,0.19480519480519481,0.6424050632911392,0.3,0.7181818181818181,0.613013698630137,0.3644067796610169,0.6042402826855123,0.3816793893129771,0.543778801843318,0.49333333333333335
NN,1,74,0.2702702702702703,0.5150115473441108,0.18666666666666668,0.640625,0.3103448275862069,0.7272727272727273,0.6167247386759582,0.3879310344827586,0.6020761245674741,0.3779527559055118,0.5727699530516432,0.4797297297297297
NN,1,75,0.29411764705882354,0.5114678899082569,0.1958041958041958,0.6269113149847095,0.312,0.7045454545454546,0.5979020979020979,0.4152542372881356,0.5878136200716846,0.40875912408759124,0.5471698113207547,0.4810126582278481
NN,1,76,0.3055555555555556,0.511520737327189,0.19078947368421054,0.6415094339622641,0.3117408906882591,0.6995515695067265,0.5958188153310104,0.4297520661157025,0.597864768683274,0.3805970149253731,0.5607476635514018,0.5066666666666667
NN,1,77,0.2972972972972973,0.5127020785219399,0.1949685534591195,0.6495176848874598,0.31640625,0.7102803738317757,0.6027874564459931,0.4017094017094017,0.6181818181818182,0.3680555555555556,0.5631067961165048,0.5067567567567568
NN,1,78,0.32432432432432434,0.5103926096997691,0.18181818181818182,0.6487341772151899,0.30708661417322836,0.7175925925925926,0.6082474226804123,0.3963963963963964,0.6142857142857143,0.35251798561151076,0.5636363636363636,0.49295774647887325
NN,1,79,0.3055555555555556,0.511520737327189,0.19753086419753085,0.6525974025974026,0.31225296442687744,0.7096774193548387,0.6027397260273972,0.4107142857142857,0.6134751773049646,0.3560606060606061,0.547945205479452,0.5103448275862069
NN,1,80,0.2857142857142857,0.5126436781609195,0.19480519480519481,0.6424050632911392,0.31640625,0.7102803738317757,0.6048951048951049,0.39823008849557523,0.6142857142857143,0.352112676056338,0.5424528301886793,0.4897959183673469
NN,1,81,0.2647058823529412,0.5137614678899083,0.2052980132450331,0.6332288401253918,0.30039525691699603,0.7235023041474654,0.5972696245733788,0.4017857142857143,0.5971731448763251,0.38686131386861317,0.5381165919282511,0.4962962962962963
NN,1,82,0.23529411764705882,0.5160550458715596,0.17123287671232876,0.6419753086419753,0.29133858267716534,0.7361111111111112,0.5925925925925926,0.3963963963963964,0.6120996441281139,0.37037037037037035,0.5619469026548672,0.47297297297297297
NN,1,83,0.2,0.5159090909090909,0.19375,0.6516129032258065,0.3055555555555556,0.7155963302752294,0.6068965517241379,0.41228070175438597,0.6115107913669064,0.36619718309859156,0.5518867924528302,0.49324324324324326
NN,1,84,0.22857142857142856,0.5172413793103449,0.1858974358974359,0.6496815286624203,0.29365079365079366,0.7293577981651376,0.6172413793103448,0.3783783783783784,0.6062717770034843,0.36496350364963503,0.5581395348837209,0.4966442953020134
NN,1,85,0.2972972972972973,0.5127020785219399,0.19875776397515527,0.6504854368932039,0.3137254901960784,0.7116279069767442,0.5979020979020979,0.4406779661016949,0.5857142857142857,0.41007194244604317,0.5446009389671361,0.4966442953020134
NN,1,86,0.2702702702702703,0.5150115473441108,0.17218543046357615,0.6489028213166145,0.2782258064516129,0.7387387387387387,0.6020761245674741,0.4152542372881356,0.6113074204946997,0.37777777777777777,0.5280373831775701,0.5138888888888888
NN,1,87,0.26666666666666666,0.5113636363636364,0.20394736842105263,0.6352201257861635,0.30952380952380953,0.7110091743119266,0.5807560137457045,0.45132743362831856,0.6028880866425993,0.38405797101449274,0.543778801843318,0.5133333333333333
NN,1,88,0.2972972972972973,0.5127020785219399,0.21019108280254778,0.6389776357827476,0.30798479087452474,0.7342995169082126,0.6006944444444444,0.41964285714285715,0.5944055944055944,0.375,0.5488372093023256,0.4899328859060403
NN,1,89,0.2647058823529412,0.5137614678899083,0.2,0.6412698412698413,0.3,0.7181818181818181,0.6055363321799307,0.38596491228070173,0.59375,0.38345864661654133,0.5492957746478874,0.48366013071895425
NN,1,90,0.26666666666666666,0.5113636363636364,0.19727891156462585,0.631578947368421,0.2938775510204082,0.7155555555555555,0.587248322147651,0.41818181818181815,0.5857142857142857,0.42028985507246375,0.5483870967741935,0.4934210526315789
NN,1,91,0.3142857142857143,0.5103448275862069,0.18181818181818182,0.6487341772151899,0.2952755905511811,0.7314814814814815,0.593103448275862,0.4298245614035088,0.6028880866425993,0.3819444444444444,0.5592417061611374,0.4768211920529801
NN,1,92,0.21052631578947367,0.5208333333333334,0.17532467532467533,0.6518987341772152,0.316,0.7,0.6013986013986014,0.4051724137931034,0.6123188405797102,0.3900709219858156,0.5509259259259259,0.4722222222222222
NN,1,93,0.2777777777777778,0.5138248847926268,0.18064516129032257,0.6507936507936508,0.30980392156862746,0.7162790697674418,0.6020761245674741,0.415929203539823,0.60431654676259,0.38405797101449274,0.5534883720930233,0.5033557046979866
NN,1,94,0.2727272727272727,0.5125858123569794,0.21428571428571427,0.6329113924050633,0.3117408906882591,0.6995515695067265,0.6013745704467354,0.3879310344827586,0.5985663082437276,0.4028776978417266,0.5576036866359447,0.49333333333333335
NN,1,95,0.2702702702702703,0.5150115473441108,0.19230769230769232,0.6464968152866242,0.3228346456692913,0.6990740740740741,0.6027874564459931,0.41228070175438597,0.6099290780141844,0.36363636363636365,0.5377358490566038,0.5131578947368421
NN,1,96,0.2647058823529412,0.5137614678899083,0.2077922077922078,0.6360759493670886,0.3147410358565737,0.7031963470319634,0.6013986013986014,0.40869565217391307,0.6107142857142858,0.3695652173913043,0.5450236966824644,0.49673202614379086
NN,1,97,0.35294117647058826,0.5068807339449541,0.2012987012987013,0.6392405063291139,0.3008130081300813,0.7098214285714286,0.593103448275862,0.4188034188034188,0.5964912280701754,0.37777777777777777,0.539906103286385,0.4896551724137931
NN,1,98,0.3142857142857143,0.5103448275862069,0.19607843137254902,0.6403785488958991,0.30739299610894943,0.7230046948356808,0.607773851590106,0.3949579831932773,0.594306049822064,0.41353383458646614,0.539906103286385,0.49324324324324326
NN,1,99,0.29411764705882354,0.5114678899082569,0.2,0.6412698412698413,0.30115830115830117,0.7345971563981043,0.5924657534246576,0.423728813559322,0.6113074204946997,0.37593984962406013,0.5727272727272728,0.4583333333333333
NN,2,0,0.36363636363636365,0.4964871194379391,0.35714285714285715,0.5522875816993464,0.3699186991869919,0.6214953271028038,0.5229681978798587,0.49107142857142855,0.5555555555555556,0.41304347826086957,0.5211267605633803,0.539568345323741
NN,2,1,0.3611111111111111,0.49764150943396224,0.3581081081081081,0.5480769230769231,0.35714285714285715,0.6442307692307693,0.5347222222222222,0.4818181818181818,0.5555555555555556,0.40145985401459855,0.5046296296296297,0.5273972602739726
NN,2,2,0.2857142857142857,0.5035294117647059,0.34615384615384615,0.5592105263157895,0.3305785123966942,0.6605504587155964,0.5294117647058824,0.4953271028037383,0.5618374558303887,0.36585365853658536,0.5198019801980198,0.5228758169934641
NN,2,3,0.3125,0.5,0.3576158940397351,0.5501618122977346,0.3614457831325301,0.6350710900473934,0.534965034965035,0.47706422018348627,0.5763358778625954,0.37857142857142856,0.5118483412322274,0.5208333333333334
NN,2,4,0.35294117647058826,0.49765258215962443,0.3710691823899371,0.5481727574750831,0.3657587548638132,0.6403940886699507,0.5444839857651246,0.45217391304347826,0.5601503759398496,0.3971631205673759,0.5238095238095238,0.503448275862069
NN,2,5,0.34375,0.4976635514018692,0.36423841059602646,0.5469255663430421,0.35684647302904565,0.6301369863013698,0.5379310344827586,0.4722222222222222,0.5579710144927537,0.39097744360902253,0.5223880597014925,0.5157232704402516
NN,2,6,0.3142857142857143,0.5011764705882353,0.35333333333333333,0.5516129032258065,0.3562753036437247,0.6384976525821596,0.5172413793103449,0.4954128440366973,0.5579710144927537,0.38235294117647056,0.5024390243902439,0.5337837837837838
NN,2,7,0.35294117647058826,0.49765258215962443,0.35374149659863946,0.549520766773163,0.35655737704918034,0.6342592592592593,0.5426621160409556,0.42857142857142855,0.5642857142857143,0.3828125,0.4977168949771689,0.5510204081632653
NN,2,8,0.3783783783783784,0.49645390070921985,0.36423841059602646,0.5469255663430421,0.36507936507936506,0.6346153846153846,0.5211267605633803,0.5045045045045045,0.5494505494505495,0.4148148148148148,0.49056603773584906,0.5342465753424658
NN,2,9,0.3684210526315789,0.4976303317535545,0.36666666666666664,0.5451612903225806,0.3464566929133858,0.6601941747572816,0.5298245614035088,0.49557522123893805,0.5613382899628253,0.40145985401459855,0.5327102803738317,0.4966887417218543
NN,2,10,0.3333333333333333,0.49882903981264637,0.35172413793103446,0.5492063492063493,0.356,0.6428571428571429,0.5294117647058824,0.4636363636363636,0.5526315789473685,0.40714285714285714,0.5094339622641509,0.5202702702702703
NN,2,11,0.34285714285714286,0.4988235294117647,0.3783783783783784,0.5384615384615384,0.34297520661157027,0.6467889908256881,0.5381944444444444,0.46846846846846846,0.5379061371841155,0.42962962962962964,0.514018691588785,0.5106382978723404
NN,2,12,0.40625,0.4929906542056075,0.3741935483870968,0.5442622950819672,0.3684210526315789,0.6244131455399061,0.5268817204301075,0.47413793103448276,0.5522388059701493,0.40875912408759124,0.5119617224880383,0.5205479452054794
NN,2,13,0.36585365853658536,0.4988066825775656,0.37254901960784315,0.5439739413680782,0.3654618473895582,0.6303317535545023,0.5085910652920962,0.5238095238095238,0.5535055350553506,0.391304347826087,0.49528301886792453,0.54421768707483
NN,2,14,0.2857142857142857,0.5035294117647059,0.34615384615384615,0.5592105263157895,0.3510204081632653,0.641860465116279,0.5403508771929825,0.4811320754716981,0.5641025641025641,0.4057971014492754,0.5369458128078818,0.487012987012987
NN,2,15,0.36363636363636365,0.4964871194379391,0.3741496598639456,0.5399361022364217,0.34854771784232363,0.639269406392694,0.519163763066202,0.49557522123893805,0.5571955719557196,0.4074074074074074,0.4951923076923077,0.5273972602739726
NN,2,16,0.3888888888888889,0.49528301886792453,0.3708609271523179,0.5436893203883495,0.376,0.6190476190476191,0.5397923875432526,0.4537037037037037,0.5671641791044776,0.3916083916083916,0.5045871559633027,0.5314685314685315
NN,2,17,0.3333333333333333,0.5,0.3541666666666667,0.5474683544303798,0.363265306122449,0.627906976744186,0.5371024734982333,0.48672566371681414,0.5555555555555556,0.4057971014492754,0.5144230769230769,0.5263157894736842
NN,2,18,0.3333333333333333,0.49882903981264637,0.379746835443038,0.543046357615894,0.344,0.6571428571428571,0.5296167247386759,0.4818181818181818,0.5703703703703704,0.37681159420289856,0.4931506849315068,0.556390977443609
NN,2,19,0.34375,0.4976635514018692,0.35507246376811596,0.5434782608695652,0.36363636363636365,0.6238532110091743,0.5275862068965518,0.5094339622641509,0.56,0.4074074074074074,0.5190476190476191,0.5163398692810458
NN,2,20,0.3333333333333333,0.5,0.3509933774834437,0.5533980582524272,0.3483606557377049,0.6435185185185185,0.541958041958042,0.45454545454545453,0.558303886925795,0.4,0.5355450236966824,0.5167785234899329
NN,2,21,0.2972972972972973,0.5035460992907801,0.36486486486486486,0.5448717948717948,0.36507936507936506,0.6346153846153846,0.5357142857142857,0.47368421052631576,0.5622641509433962,0.3986013986013986,0.5099009900990099,0.5359477124183006
NN,2,22,0.35294117647058826,0.49765258215962443,0.3660130718954248,0.5472312703583062,0.3453815261044177,0.6540284360189573,0.5211267605633803,0.49107142857142855,0.5427509293680297,0.42028985507246375,0.5094339622641509,0.5448275862068965
NN,2,23,0.3870967741935484,0.49417249417249415,0.3591549295774648,0.5440251572327044,0.3467741935483871,0.6509433962264151,0.5408163265306123,0.41964285714285715,0.5693430656934306,0.3880597014925373,0.514018691588785,0.5068493150684932
NN,2,24,0.2972972972972973,0.5035460992907801,0.3581081081081081,0.5480769230769231,0.3481781376518219,0.647887323943662,0.5512367491166078,0.43478260869565216,0.5650557620817844,0.38848920863309355,0.5144230769230769,0.5364238410596026
NN,2,25,0.35294117647058826,0.49765258215962443,0.3732394366197183,0.5377358490566038,0.35833333333333334,0.6272727272727273,0.5190311418685121,0.4954954954954955,0.5434782608695652,0.41304347826086957,0.495,0.538961038961039
NN,2,26,0.3142857142857143,0.5011764705882353,0.375,0.5422077922077922,0.352,0.6476190476190476,0.5173611111111112,0.4954954954954955,0.5527272727272727,0.42424242424242425,0.5070422535211268,0.5238095238095238
NN,2,27,0.36363636363636365,0.4964871194379391,0.3586206896551724,0.546031746031746,0.350597609561753,0.6507177033492823,0.5347222222222222,0.47368421052631576,0.5597014925373134,0.40875912408759124,0.5233644859813084,0.4897959183673469
NN,2,28,0.34375,0.4976635514018692,0.35333333333333333,0.5516129032258065,0.35655737704918034,0.6342592592592593,0.5507246376811594,0.4608695652173913,0.5693430656934306,0.3893129770992366,0.49282296650717705,0.5394736842105263
NN,2,29,0.39285714285714285,0.4930555555555556,0.3684210526315789,0.5454545454545454,0.34552845528455284,0.6495327102803738,0.5177304964539007,0.5,0.5444444444444444,0.41911764705882354,0.5048543689320388,0.5202702702702703
NN,2,30,0.3333333333333333,0.49882903981264637,0.3493150684931507,0.5509554140127388,0.3524590163934426,0.6388888888888888,0.5285714285714286,0.48214285714285715,0.5539033457249071,0.39416058394160586,0.5071090047393365,0.5342465753424658
NN,2,31,0.26666666666666666,0.5023255813953489,0.3618421052631579,0.5487012987012987,0.356,0.6428571428571429,0.53125,0.4909090909090909,0.5441176470588235,0.4172661870503597,0.5048543689320388,0.52
NN,2,32,0.3157894736842105,0.5023696682464455,0.37254901960784315,0.5439739413680782,0.3603238866396761,0.6338028169014085,0.5352112676056338,0.48148148148148145,0.5672727272727273,0.3939393939393939,0.514018691588785,0.5174825174825175
NN,2,33,0.4,0.49411764705882355,0.3660130718954248,0.5472312703583062,0.35080645161290325,0.6462264150943396,0.534965034965035,0.4807692307692308,0.5714285714285714,0.3695652173913043,0.5265700483091788,0.5066666666666667
NN,2,34,0.3142857142857143,0.5011764705882353,0.36,0.5483870967741935,0.3512396694214876,0.6376146788990825,0.5422535211267606,0.4636363636363636,0.5735294117647058,0.3684210526315789,0.5169082125603864,0.5136986301369864
NN,2,35,0.3939393939393939,0.49414519906323184,0.37333333333333335,0.5419354838709678,0.376,0.6190476190476191,0.5154639175257731,0.5,0.5531135531135531,0.40601503759398494,0.514018691588785,0.5034013605442177
NN,2,36,0.3333333333333333,0.5,0.35135135135135137,0.5512820512820513,0.3543307086614173,0.6504854368932039,0.5333333333333333,0.4824561403508772,0.5650557620817844,0.39285714285714285,0.5048076923076923,0.5306122448979592
NN,2,37,0.358974358974359,0.498812351543943,0.391025641025641,0.5361842105263158,0.36904761904761907,0.6298076923076923,0.5304659498207885,0.4608695652173913,0.5559701492537313,0.40441176470588236,0.5099009900990099,0.5228758169934641
NN,2,38,0.34210526315789475,0.5,0.33766233766233766,0.5620915032679739,0.3614457831325301,0.6350710900473934,0.5390070921985816,0.4642857142857143,0.5677655677655677,0.3805970149253731,0.5073170731707317,0.5228758169934641
NN,2,39,0.3333333333333333,0.5,0.36666666666666664,0.5451612903225806,0.3524590163934426,0.6388888888888888,0.5352112676056338,0.4803921568627451,0.5498154981549815,0.4154929577464789,0.5406698564593302,0.5070422535211268
NN,2,40,0.2857142857142857,0.5035294117647059,0.35135135135135137,0.5512820512820513,0.35177865612648224,0.6521739130434783,0.5331010452961672,0.48148148148148145,0.5592592592592592,0.4,0.5048076923076923,0.54
NN,2,41,0.40625,0.4929906542056075,0.3624161073825503,0.5466237942122186,0.3481781376518219,0.647887323943662,0.5308219178082192,0.4672897196261682,0.5543071161048689,0.4326241134751773,0.4954545454545455,0.524822695035461
NN,2,42,0.3225806451612903,0.4988344988344988,0.352112676056338,0.5471698113207547,0.3472803347280335,0.6380090497737556,0.5314685314685315,0.4824561403508772,0.5655430711610487,0.4028776978417266,0.5119617224880383,0.5
NN,2,43,0.34375,0.4976635514018692,0.3819444444444444,0.5348101265822784,0.36693548387096775,0.6273584905660378,0.5086505190311419,0.4954954954954955,0.5643939393939394,0.4027777777777778,0.5,0.5347222222222222
NN,2,44,0.37142857142857144,0.4964705882352941,0.3741496598639456,0.5399361022364217,0.36324786324786323,0.6150442477876106,0.5392491467576792,0.4666666666666667,0.5487364620938628,0.39705882352941174,0.5124378109452736,0.5
NN,2,45,0.37142857142857144,0.4964705882352941,0.4014084507042254,0.5251572327044025,0.3541666666666667,0.6318181818181818,0.5209790209790209,0.5272727272727272,0.5617977528089888,0.38405797101449274,0.5196078431372549,0.5100671140939598
NN,2,46,0.3611111111111111,0.49764150943396224,0.36774193548387096,0.5475409836065573,0.38223938223938225,0.6218905472636815,0.5265017667844523,0.49107142857142855,0.5617977528089888,0.39705882352941174,0.5023255813953489,0.5347222222222222
NN,2,47,0.40625,0.4929906542056075,0.36666666666666664,0.5451612903225806,0.3784860557768924,0.6172248803827751,0.5208333333333334,0.4954128440366973,0.5613382899628253,0.39436619718309857,0.49246231155778897,0.5324675324675324
NN,2,48,0.36363636363636365,0.4964871194379391,0.3333333333333333,0.5612903225806452,0.34439834024896265,0.6438356164383562,0.5392857142857143,0.4690265486725664,0.5604395604395604,0.40145985401459855,0.5047169811320755,0.5448275862068965
NN,2,49,0.35135135135135137,0.4988179669030733,0.3708609271523179,0.5436893203883495,0.35080645161290325,0.6462264150943396,0.541958041958042,0.44954128440366975,0.555956678700361,0.41353383458646614,0.5414634146341464,0.512987012987013
NN,2,50,0.36363636363636365,0.4964871194379391,0.3708609271523179,0.5436893203883495,0.3522267206477733,0.6431924882629108,0.5331010452961672,0.4636363636363636,0.5551470588235294,0.4117647058823529,0.5,0.5306122448979592
NN,2,51,0.3157894736842105,0.5023696682464455,0.36619718309859156,0.5408805031446541,0.3541666666666667,0.6318181818181818,0.5186440677966102,0.5,0.5464285714285714,0.416,0.511520737327189,0.512987012987013
NN,2,52,0.3611111111111111,0.49764150943396224,0.3825503355704698,0.5369774919614148,0.36220472440944884,0.6407766990291263,0.5190311418685121,0.4953271028037383,0.551094890510949,0.3969465648854962,0.49029126213592233,0.5263157894736842
NN,2,53,0.36363636363636365,0.4964871194379391,0.36054421768707484,0.5463258785942492,0.3684210526315789,0.6244131455399061,0.5340136054421769,0.46226415094339623,0.5661764705882353,0.3669064748201439,0.5169082125603864,0.5231788079470199
NN,2,54,0.3333333333333333,0.49882903981264637,0.3716216216216216,0.5416666666666666,0.3524590163934426,0.6388888888888888,0.5300353356890459,0.46956521739130436,0.5692883895131086,0.37857142857142856,0.49282296650717705,0.5466666666666666
NN,2,55,0.39285714285714285,0.4930555555555556,0.3790849673202614,0.5407166123778502,0.36,0.638095238095238,0.5314685314685315,0.4864864864864865,0.5615942028985508,0.4,0.5047169811320755,0.5205479452054794
NN,2,56,0.35135135135135137,0.4988179669030733,0.3684210526315789,0.5454545454545454,0.3614457831325301,0.6350710900473934,0.5431654676258992,0.45132743362831856,0.5579710144927537,0.4015151515151515,0.5118483412322274,0.5170068027210885
NN,2,57,0.34285714285714286,0.4988235294117647,0.3684210526315789,0.5454545454545454,0.36363636363636365,0.6238532110091743,0.5347222222222222,0.4732142857142857,0.5523465703971119,0.4,0.5095238095238095,0.52
NN,2,58,0.3333333333333333,0.49882903981264637,0.34210526315789475,0.5584415584415584,0.3458333333333333,0.6409090909090909,0.5340136054421769,0.4857142857142857,0.5698924731182796,0.3805970149253731,0.5288461538461539,0.5069444444444444
NN,2,59,0.37142857142857144,0.4964705882352941,0.3591549295774648,0.5440251572327044,0.3512396694214876,0.6376146788990825,0.5243055555555556,0.4732142857142857,0.5567765567765568,0.40441176470588236,0.5071090047393365,0.5170068027210885
NN,2,60,0.375,0.4953271028037383,0.36619718309859156,0.5408805031446541,0.37142857142857144,0.6186046511627907,0.5347222222222222,0.46846846846846846,0.5591397849462365,0.4,0.5047619047619047,0.5302013422818792
NN,2,61,0.3333333333333333,0.5,0.36,0.5483870967741935,0.3481781376518219,0.647887323943662,0.519434628975265,0.4954954954954955,0.5613382899628253,0.41304347826086957,0.49047619047619045,0.5238095238095238
NN,2,62,0.32432432432432434,0.5011820330969267,0.3660130718954248,0.5472312703583062,0.3562753036437247,0.6384976525821596,0.5344827586206896,0.45794392523364486,0.5528169014084507,0.3828125,0.5,0.5510204081632653
NN,2,63,0.2972972972972973,0.5035460992907801,0.3475177304964539,0.54858934169279,0.3481781376518219,0.647887323943662,0.5243055555555556,0.509090909090909,0.5595667870036101,0.41007194244604317,0.5023474178403756,0.5234899328859061
NN,2,64,0.3333333333333333,0.5,0.33793103448275863,0.5555555555555556,0.3497942386831276,0.6405529953917051,0.5273972602739726,0.4909090909090909,0.5490909090909091,0.40714285714285714,0.4881516587677725,0.5394736842105263
NN,2,65,0.2972972972972973,0.5035460992907801,0.35625,0.5566666666666666,0.36470588235294116,0.6390243902439025,0.5289855072463768,0.5,0.553030303030303,0.4125874125874126,0.5170731707317073,0.5306122448979592
NN,2,66,0.3611111111111111,0.49764150943396224,0.3618421052631579,0.5487012987012987,0.3764705882352941,0.624390243902439,0.5406360424028268,0.4396551724137931,0.5487364620938628,0.4076923076923077,0.5073891625615764,0.5194805194805194
NN,2,67,0.3611111111111111,0.49764150943396224,0.3333333333333333,0.5612903225806452,0.36885245901639346,0.6203703703703703,0.5211267605633803,0.5175438596491229,0.5519713261648745,0.39552238805970147,0.5148514851485149,0.5205479452054794
NN,2,68,0.2647058823529412,0.5046948356807511,0.31724137931034485,0.5650793650793651,0.3403361344537815,0.6441441441441441,0.5454545454545454,0.45132743362831856,0.5656934306569343,0.41605839416058393,0.5311004784688995,0.5067567567567568
NN,2,69,0.358974358974359,0.498812351543943,0.3691275167785235,0.5434083601286174,0.35833333333333334,0.6272727272727273,0.5308219178082192,0.48598130841121495,0.5527272727272727,0.39416058394160586,0.5169082125603864,0.5174825174825175
NN,2,70,0.3548387096774194,0.4965034965034965,0.35333333333333333,0.5516129032258065,0.3514644351464435,0.6334841628959276,0.5333333333333333,0.45535714285714285,0.5487364620938628,0.4076923076923077,0.5159817351598174,0.5107913669064749
NN,2,71,0.3333333333333333,0.5,0.3724137931034483,0.5396825396825397,0.35537190082644626,0.6330275229357798,0.5220338983050847,0.49504950495049505,0.539568345323741,0.41044776119402987,0.5091743119266054,0.5140845070422535
NN,2,72,0.3548387096774194,0.4965034965034965,0.38926174496644295,0.5337620578778135,0.35968379446640314,0.642512077294686,0.5220338983050847,0.46601941747572817,0.5474452554744526,0.40625,0.5095238095238095,0.4965986394557823
NN,2,73,0.29411764705882354,0.5023474178403756,0.3724137931034483,0.5396825396825397,0.3333333333333333,0.6545454545454545,0.5371024734982333,0.4690265486725664,0.5688405797101449,0.4,0.5240384615384616,0.5197368421052632
NN,2,74,0.4230769230769231,0.49078341013824883,0.3873239436619718,0.5314465408805031,0.36213991769547327,0.6267281105990783,0.5155709342560554,0.4727272727272727,0.5509433962264151,0.41134751773049644,0.5094339622641509,0.5133333333333333
NN,2,75,0.24242424242424243,0.5058548009367682,0.348993288590604,0.5530546623794212,0.3557312252964427,0.6473429951690821,0.5300353356890459,0.4909090909090909,0.550185873605948,0.425531914893617,0.5209302325581395,0.49645390070921985
NN,2,76,0.3611111111111111,0.49764150943396224,0.36774193548387096,0.5475409836065573,0.363265306122449,0.627906976744186,0.5263157894736842,0.5,0.5543071161048689,0.4125874125874126,0.5023923444976076,0.5379310344827586
NN,2,77,0.3333333333333333,0.49882903981264637,0.3841059602649007,0.5372168284789643,0.3629032258064516,0.6320754716981132,0.527972027972028,0.46788990825688076,0.5448028673835126,0.4186046511627907,0.5092592592592593,0.5277777777777778
NN,2,78,0.35,0.5,0.36,0.5483870967741935,0.345679012345679,0.6451612903225806,0.5373665480427047,0.48695652173913045,0.5579710144927537,0.40458015267175573,0.5,0.5194805194805194
NN,2,79,0.4375,0.49065420560747663,0.36879432624113473,0.5391849529780565,0.36099585062240663,0.6255707762557078,0.5241379310344828,0.4824561403508772,0.5579710144927537,0.39416058394160586,0.5024390243902439,0.5263157894736842
NN,2,80,0.3870967741935484,0.49417249417249415,0.35570469798657717,0.5498392282958199,0.3512396694214876,0.6376146788990825,0.5212765957446809,0.5,0.5487364620938628,0.4,0.5165876777251185,0.5102040816326531
NN,2,81,0.3,0.5,0.33557046979865773,0.5594855305466238,0.3469387755102041,0.6465116279069767,0.5363321799307958,0.47619047619047616,0.5693430656934306,0.3829787234042553,0.5070422535211268,0.5238095238095238
NN,2,82,0.4,0.49411764705882355,0.3767123287671233,0.5382165605095541,0.359504132231405,0.6284403669724771,0.519163763066202,0.49557522123893805,0.5421245421245421,0.42857142857142855,0.4975845410628019,0.5337837837837838
NN,2,83,0.35294117647058826,0.49765258215962443,0.3708609271523179,0.5436893203883495,0.344,0.6571428571428571,0.5322033898305085,0.47058823529411764,0.5677655677655677,0.40145985401459855,0.5215311004784688,0.5133333333333333
NN,2,84,0.375,0.4953271028037383,0.34459459459459457,0.5544871794871795,0.3510204081632653,0.641860465116279,0.5384615384615384,0.44954128440366975,0.5636363636363636,0.4015151515151515,0.5142857142857142,0.5170068027210885
NN,2,85,0.3333333333333333,0.49882903981264637,0.37583892617449666,0.5401929260450161,0.35918367346938773,0.6325581395348837,0.513986013986014,0.5181818181818182,0.5454545454545454,0.4074074074074074,0.48292682926829267,0.5454545454545454
NN,2,86,0.375,0.4953271028037383,0.3732394366197183,0.5377358490566038,0.3541666666666667,0.6318181818181818,0.5288135593220339,0.47115384615384615,0.5636363636363636,0.38235294117647056,0.4930875576036866,0.5352112676056338
NN,2,87,0.37142857142857144,0.4964705882352941,0.3767123287671233,0.5382165605095541,0.36401673640167365,0.6199095022624435,0.5246478873239436,0.47863247863247865,0.5457875457875457,0.40559440559440557,0.5046728971962616,0.5357142857142857
NN,2,88,0.38235294117647056,0.4953051643192488,0.37662337662337664,0.5424836601307189,0.3603238866396761,0.6338028169014085,0.5190311418685121,0.48214285714285715,0.5477941176470589,0.4074074074074074,0.49537037037037035,0.5277777777777778
NN,2,89,0.35294117647058826,0.49765258215962443,0.3333333333333333,0.5591054313099042,0.35294117647058826,0.6306306306306306,0.5308219178082192,0.4766355140186916,0.555956678700361,0.4090909090909091,0.5073891625615764,0.5290322580645161
NN,2,90,0.3333333333333333,0.49767441860465117,0.33783783783783783,0.5576923076923077,0.33739837398373984,0.6588785046728972,0.5432525951557093,0.4594594594594595,0.5677655677655677,0.3937007874015748,0.5164319248826291,0.5374149659863946
NN,2,91,0.30303030303030304,0.5011709601873536,0.36551724137931035,0.5428571428571428,0.35365853658536583,0.6401869158878505,0.5306859205776173,0.47863247863247865,0.5639097744360902,0.381294964028777,0.4927536231884058,0.5419354838709678
NN,2,92,0.34285714285714286,0.4988235294117647,0.3525641025641026,0.555921052631579,0.3551020408163265,0.6372093023255814,0.5246478873239436,0.5086206896551724,0.5613382899628253,0.4084507042253521,0.5096153846153846,0.5241379310344828
NN,2,93,0.4117647058823529,0.49295774647887325,0.363013698630137,0.5445859872611465,0.3548387096774194,0.6415094339622641,0.5409252669039146,0.45132743362831856,0.5608856088560885,0.4,0.5,0.5342465753424658
NN,2,94,0.3548387096774194,0.4965034965034965,0.33783783783783783,0.5576923076923077,0.36929460580912865,0.6164383561643836,0.5270758122743683,0.49586776859504134,0.5543478260869565,0.4015151515151515,0.5333333333333333,0.5
NN,2,95,0.2972972972972973,0.5035460992907801,0.36423841059602646,0.5469255663430421,0.363265306122449,0.627906976744186,0.5265017667844523,0.4909090909090909,0.5641025641025641,0.3939393939393939,0.5048543689320388,0.5238095238095238
NN,2,96,0.3055555555555556,0.5023584905660378,0.3586206896551724,0.546031746031746,0.35080645161290325,0.6462264150943396,0.5294117647058824,0.4909090909090909,0.56,0.39416058394160586,0.5093457943925234,0.5208333333333334
NN,2,97,0.3684210526315789,0.4976303317535545,0.38461538461538464,0.5331230283911672,0.36947791164658633,0.6255924170616114,0.528169014084507,0.48623853211009177,0.5563636363636364,0.4074074074074074,0.4976958525345622,0.5172413793103449
NN,2,98,0.3235294117647059,0.5,0.363013698630137,0.5445859872611465,0.3603238866396761,0.6338028169014085,0.53125,0.4778761061946903,0.539568345323741,0.4263565891472868,0.5305164319248826,0.503448275862069
NN,2,99,0.3783783783783784,0.49645390070921985,0.3625,0.5533333333333333,0.35080645161290325,0.6462264150943396,0.5368421052631579,0.45871559633027525,0.5571955719557196,0.41605839416058393,0.5,0.5547945205479452
NN,3,0,0.21875,0.5059665871121718,0.4246575342465753,0.5147540983606558,0.41201716738197425,0.5642201834862385,0.5107142857142857,0.4732142857142857,0.4944237918215613,0.4626865671641791,0.5174129353233831,0.5
NN,3,1,0.25806451612903225,0.5023809523809524,0.43333333333333335,0.5116279069767442,0.42916666666666664,0.5497630331753555,0.5070921985815603,0.46226415094339623,0.5114503816793893,0.45714285714285713,0.4858490566037736,0.5460992907801419
NN,3,2,0.30303030303030304,0.5,0.4217687074829932,0.5164473684210527,0.4345991561181435,0.5420560747663551,0.5111111111111111,0.452991452991453,0.5094339622641509,0.4444444444444444,0.5255102040816326,0.5174825174825175
NN,3,3,0.3055555555555556,0.5012048192771085,0.41216216216216217,0.5214521452145214,0.4156378600823045,0.5673076923076923,0.516245487364621,0.45454545454545453,0.503731343283582,0.45255474452554745,0.5121951219512195,0.5142857142857142
NN,3,4,0.32432432432432434,0.5,0.4105960264900662,0.5233333333333333,0.43568464730290457,0.5428571428571428,0.49823321554770317,0.5047619047619047,0.4770992366412214,0.49645390070921985,0.4975609756097561,0.5357142857142857
NN,3,5,0.2903225806451613,0.5,0.41216216216216217,0.5214521452145214,0.4268292682926829,0.5560975609756098,0.49469964664310956,0.49523809523809526,0.5,0.46511627906976744,0.5,0.5147058823529411
NN,3,6,0.2631578947368421,0.5060532687651331,0.4129032258064516,0.5236486486486487,0.43089430894308944,0.551219512195122,0.5144927536231884,0.45614035087719296,0.5,0.47058823529411764,0.49246231155778897,0.5100671140939598
NN,3,7,0.2894736842105263,0.5036319612590799,0.4258064516129032,0.5168918918918919,0.42857142857142855,0.5577889447236181,0.5128205128205128,0.4594594594594595,0.5057471264367817,0.44755244755244755,0.48484848484848486,0.543046357615894
NN,3,8,0.3076923076923077,0.5024271844660194,0.4383561643835616,0.5081967213114754,0.4435146443514644,0.5330188679245284,0.5106382978723404,0.4528301886792453,0.4944649446494465,0.4626865671641791,0.5118483412322274,0.48175182481751827
NN,3,9,0.30303030303030304,0.5,0.42657342657342656,0.512987012987013,0.4462809917355372,0.5311004784688995,0.49295774647887325,0.5,0.47761194029850745,0.49242424242424243,0.5,0.5135135135135135
NN,3,10,0.34285714285714286,0.49759615384615385,0.43243243243243246,0.5115511551155115,0.43673469387755104,0.5436893203883495,0.5,0.46956521739130436,0.49230769230769234,0.475177304964539,0.5144230769230769,0.5
NN,3,11,0.3125,0.4988066825775656,0.43356643356643354,0.5097402597402597,0.42323651452282157,0.5571428571428572,0.4911660777385159,0.5,0.4889705882352941,0.4883720930232558,0.49514563106796117,0.5422535211267606
NN,3,12,0.29411764705882354,0.5011990407673861,0.41830065359477125,0.5201342281879194,0.4369747899159664,0.539906103286385,0.5036231884057971,0.4766355140186916,0.4963235294117647,0.45454545454545453,0.5,0.5244755244755245
NN,3,13,0.25806451612903225,0.5023809523809524,0.47297297297297297,0.49174917491749176,0.4448979591836735,0.5339805825242718,0.5036496350364964,0.4782608695652174,0.4777777777777778,0.5,0.49,0.5208333333333334
NN,3,14,0.25806451612903225,0.5023809523809524,0.4172661870503597,0.5160256410256411,0.42677824267782427,0.5518867924528302,0.5071428571428571,0.4774774774774775,0.4981684981684982,0.4732824427480916,0.5025125628140703,0.528169014084507
NN,3,15,0.23529411764705882,0.5059952038369304,0.4,0.5282392026578073,0.4268292682926829,0.5560975609756098,0.5071942446043165,0.46296296296296297,0.4925373134328358,0.48148148148148145,0.5121951219512195,0.496551724137931
NN,3,16,0.28125,0.5011933174224343,0.43356643356643354,0.5097402597402597,0.44635193133047213,0.5275229357798165,0.4787234042553192,0.5238095238095238,0.48120300751879697,0.5111111111111111,0.4854368932038835,0.5241379310344828
NN,3,17,0.3235294117647059,0.4988009592326139,0.4305555555555556,0.511400651465798,0.42436974789915966,0.5539906103286385,0.5070422535211268,0.44339622641509435,0.5,0.4888888888888889,0.47804878048780486,0.5241379310344828
NN,3,18,0.24242424242424243,0.5047846889952153,0.41304347826086957,0.5175718849840255,0.4199134199134199,0.5545454545454546,0.5123674911660777,0.46226415094339623,0.48936170212765956,0.4918032786885246,0.5048076923076923,0.496551724137931
NN,3,19,0.28125,0.5011933174224343,0.4236111111111111,0.5146579804560261,0.42276422764227645,0.5609756097560976,0.5123674911660777,0.4716981132075472,0.4962962962962963,0.4806201550387597,0.49019607843137253,0.5251798561151079
NN,3,20,0.28125,0.5011933174224343,0.42758620689655175,0.5130718954248366,0.43983402489626555,0.5380952380952381,0.5071942446043165,0.46956521739130436,0.4943820224719101,0.4701492537313433,0.5170731707317073,0.5
NN,3,21,0.2571428571428571,0.5048076923076923,0.41007194244604317,0.5192307692307693,0.42738589211618255,0.5523809523809524,0.5195729537366548,0.44642857142857145,0.48518518518518516,0.5112781954887218,0.5,0.5103448275862069
NN,3,22,0.2647058823529412,0.5035971223021583,0.43333333333333335,0.5116279069767442,0.4349593495934959,0.5463414634146342,0.5,0.4636363636363636,0.48134328358208955,0.4962962962962963,0.49019607843137253,0.5310344827586206
NN,3,23,0.29411764705882354,0.5011990407673861,0.42657342657342656,0.512987012987013,0.43388429752066116,0.5454545454545454,0.5,0.47058823529411764,0.49049429657794674,0.48175182481751827,0.4880382775119617,0.5263157894736842
NN,3,24,0.2727272727272727,0.5023923444976076,0.4305555555555556,0.511400651465798,0.4340425531914894,0.5416666666666666,0.49642857142857144,0.49074074074074076,0.48314606741573035,0.48905109489051096,0.49261083743842365,0.5302013422818792
NN,3,25,0.3235294117647059,0.4988009592326139,0.4178082191780822,0.5180327868852459,0.425531914893617,0.5509259259259259,0.49642857142857144,0.4766355140186916,0.48484848484848486,0.4962962962962963,0.4803921568627451,0.5238095238095238
NN,3,26,0.3125,0.4988066825775656,0.41843971631205673,0.5161290322580645,0.4267241379310345,0.547945205479452,0.5104895104895105,0.4672897196261682,0.48201438848920863,0.49606299212598426,0.5240384615384616,0.4863013698630137
NN,3,27,0.26666666666666666,0.501187648456057,0.4503311258278146,0.5033333333333333,0.42738589211618255,0.5523809523809524,0.4910394265232975,0.5092592592592593,0.4810606060606061,0.4928571428571429,0.47738693467336685,0.5369127516778524
NN,3,28,0.3157894736842105,0.5012106537530266,0.436241610738255,0.5099337748344371,0.45081967213114754,0.5265700483091788,0.48736462093862815,0.5,0.49812734082397003,0.4888888888888889,0.4876847290640394,0.5034965034965035
NN,3,29,0.3448275862068966,0.495260663507109,0.4722222222222222,0.49185667752442996,0.4530612244897959,0.5242718446601942,0.4875444839857651,0.4857142857142857,0.47924528301886793,0.5,0.48792270531400966,0.5136986301369864
NN,3,30,0.3235294117647059,0.4988009592326139,0.41333333333333333,0.521594684385382,0.42016806722689076,0.5586854460093896,0.5052631578947369,0.49019607843137253,0.5037593984962406,0.4626865671641791,0.4878048780487805,0.5401459854014599
NN,3,31,0.2777777777777778,0.5036144578313253,0.4195804195804196,0.5162337662337663,0.4225941422594142,0.5566037735849056,0.5106382978723404,0.46296296296296297,0.47924528301886793,0.49264705882352944,0.507537688442211,0.5068493150684932
NN,3,32,0.34375,0.4964200477326969,0.44594594594594594,0.504950495049505,0.43548387096774194,0.5467980295566502,0.48375451263537905,0.5135135135135135,0.4961832061068702,0.4744525547445255,0.48205128205128206,0.543046357615894
NN,3,33,0.2777777777777778,0.5036144578313253,0.4397163120567376,0.5064516129032258,0.4345991561181435,0.5420560747663551,0.5035971223021583,0.4722222222222222,0.48854961832061067,0.48507462686567165,0.5,0.5244755244755245
NN,3,34,0.3055555555555556,0.5012048192771085,0.45695364238410596,0.5,0.45569620253164556,0.5186915887850467,0.5053763440860215,0.46017699115044247,0.4888888888888889,0.47761194029850745,0.49489795918367346,0.5165562913907285
NN,3,35,0.2631578947368421,0.5060532687651331,0.42857142857142855,0.5151515151515151,0.4369747899159664,0.539906103286385,0.4963235294117647,0.5,0.5019011406844106,0.4666666666666667,0.49,0.5106382978723404
NN,3,36,0.3142857142857143,0.5,0.42028985507246375,0.5143769968051118,0.43621399176954734,0.5432692307692307,0.5182481751824818,0.4434782608695652,0.5,0.4696969696969697,0.5221674876847291,0.4928571428571429
NN,3,37,0.2647058823529412,0.5035971223021583,0.41496598639455784,0.5197368421052632,0.4166666666666667,0.5639810426540285,0.5070921985815603,0.46226415094339623,0.503731343283582,0.45112781954887216,0.5097087378640777,0.5070422535211268
NN,3,38,0.23333333333333334,0.503562945368171,0.42857142857142855,0.5151515151515151,0.4365079365079365,0.5477386934673367,0.5106382978723404,0.4818181818181818,0.5,0.45038167938931295,0.4950980392156863,0.5208333333333334
NN,3,39,0.2777777777777778,0.5036144578313253,0.41333333333333333,0.521594684385382,0.4448979591836735,0.5339805825242718,0.49645390070921985,0.5045871559633027,0.49056603773584906,0.48905109489051096,0.5219512195121951,0.49264705882352944
NN,3,40,0.2903225806451613,0.5,0.460431654676259,0.4967948717948718,0.42857142857142855,0.5533980582524272,0.5017921146953405,0.46788990825688076,0.4962121212121212,0.4632352941176471,0.5,0.5032258064516129
NN,3,41,0.2702702702702703,0.5048309178743962,0.44,0.5083056478405316,0.44166666666666665,0.5355450236966824,0.5,0.4864864864864865,0.49056603773584906,0.4701492537313433,0.504950495049505,0.5170068027210885
NN,3,42,0.3076923076923077,0.5024271844660194,0.4178082191780822,0.5180327868852459,0.4190871369294606,0.5619047619047619,0.5073529411764706,0.48695652173913045,0.49809885931558934,0.45985401459854014,0.5051020408163265,0.5167785234899329
NN,3,43,0.32432432432432434,0.5,0.43537414965986393,0.5098684210526315,0.42857142857142855,0.5492957746478874,0.5090252707581228,0.4528301886792453,0.4981549815498155,0.4621212121212121,0.4729064039408867,0.574468085106383
NN,3,44,0.3225806451612903,0.4976190476190476,0.425531914893617,0.5129032258064516,0.4291845493562232,0.5458715596330275,0.5,0.49107142857142855,0.48507462686567165,0.5038167938931297,0.5049019607843137,0.5033557046979866
NN,3,45,0.29411764705882354,0.5011990407673861,0.4405594405594406,0.5064935064935064,0.4279835390946502,0.5528846153846154,0.5,0.49056603773584906,0.4981549815498155,0.460431654676259,0.4975124378109453,0.52
NN,3,46,0.2894736842105263,0.5036319612590799,0.43537414965986393,0.5098684210526315,0.4297872340425532,0.5462962962962963,0.5052631578947369,0.47058823529411764,0.48518518518518516,0.49635036496350365,0.4854368932038835,0.5179856115107914
NN,3,47,0.3333333333333333,0.49760765550239233,0.4722222222222222,0.49185667752442996,0.44166666666666665,0.5355450236966824,0.4982078853046595,0.48695652173913045,0.48880597014925375,0.49624060150375937,0.4881516587677725,0.5185185185185185
NN,3,48,0.30303030303030304,0.5,0.45774647887323944,0.49838187702265374,0.44214876033057854,0.5358851674641149,0.4874551971326165,0.4954128440366973,0.4810606060606061,0.5,0.4878048780487805,0.5174825174825175
NN,3,49,0.1935483870967742,0.5071428571428571,0.4166666666666667,0.5179153094462541,0.41975308641975306,0.5625,0.509090909090909,0.4649122807017544,0.49242424242424243,0.47101449275362317,0.49246231155778897,0.5374149659863946
NN,3,50,0.2926829268292683,0.5048780487804878,0.4357142857142857,0.5080385852090032,0.4406779661016949,0.5348837209302325,0.5141843971631206,0.4444444444444444,0.48717948717948717,0.484375,0.5023923444976076,0.5
NN,3,51,0.32432432432432434,0.5,0.4527027027027027,0.5016501650165016,0.4322033898305085,0.5441860465116279,0.48936170212765956,0.5045871559633027,0.5037593984962406,0.45323741007194246,0.5125628140703518,0.4900662251655629
NN,3,52,0.3235294117647059,0.4988009592326139,0.427536231884058,0.5111821086261981,0.4364406779661017,0.5395348837209303,0.4965277777777778,0.4803921568627451,0.5,0.47692307692307695,0.49074074074074076,0.5071428571428571
NN,3,53,0.3055555555555556,0.5012048192771085,0.42028985507246375,0.5143769968051118,0.4248927038626609,0.5504587155963303,0.5035971223021583,0.4909090909090909,0.49056603773584906,0.4701492537313433,0.5198019801980198,0.5033557046979866
NN,3,54,0.2413793103448276,0.5023696682464455,0.40559440559440557,0.5227272727272727,0.4309623430962343,0.5471698113207547,0.513986013986014,0.44761904761904764,0.4835164835164835,0.512,0.507537688442211,0.5069444444444444
NN,3,55,0.2903225806451613,0.5,0.43448275862068964,0.5098039215686274,0.4309623430962343,0.5471698113207547,0.4925373134328358,0.5043478260869565,0.4904214559386973,0.48175182481751827,0.47738693467336685,0.5266666666666666
NN,3,56,0.3333333333333333,0.49760765550239233,0.4489795918367347,0.5032894736842105,0.4462809917355372,0.5311004784688995,0.5071428571428571,0.46788990825688076,0.49809885931558934,0.45985401459854014,0.5076142131979695,0.4934210526315789
NN,3,57,0.36363636363636365,0.49521531100478466,0.43448275862068964,0.5098039215686274,0.46443514644351463,0.5094339622641509,0.5,0.4953271028037383,0.49230769230769234,0.4791666666666667,0.5185185185185185,0.4852941176470588
NN,3,58,0.30303030303030304,0.5,0.43448275862068964,0.5098039215686274,0.4430379746835443,0.5327102803738317,0.5072463768115942,0.47368421052631576,0.5036496350364964,0.46511627906976744,0.505,0.5033112582781457
NN,3,59,0.3142857142857143,0.5,0.44,0.5083056478405316,0.43983402489626555,0.5380952380952381,0.5,0.48672566371681414,0.49242424242424243,0.48905109489051096,0.4855769230769231,0.5174825174825175
NN,3,60,0.29411764705882354,0.5011990407673861,0.43356643356643354,0.5097402597402597,0.45041322314049587,0.5263157894736842,0.4911660777385159,0.4857142857142857,0.49242424242424243,0.48226950354609927,0.4930875576036866,0.5037037037037037
NN,3,61,0.23684210526315788,0.5084745762711864,0.4413793103448276,0.5065359477124183,0.43333333333333335,0.5450236966824644,0.5035971223021583,0.4824561403508772,0.49433962264150944,0.48148148148148145,0.4950980392156863,0.5238095238095238
NN,3,62,0.3055555555555556,0.5012048192771085,0.42,0.5182724252491694,0.4403292181069959,0.5384615384615384,0.4982078853046595,0.46788990825688076,0.49812734082397003,0.48507462686567165,0.49746192893401014,0.4966442953020134
NN,3,63,0.3157894736842105,0.5012106537530266,0.4068965517241379,0.5228758169934641,0.4225941422594142,0.5566037735849056,0.5088967971530249,0.4818181818181818,0.5037037037037037,0.45925925925925926,0.5,0.5486111111111112
NN,3,64,0.3333333333333333,0.49643705463182897,0.4411764705882353,0.5047619047619047,0.43568464730290457,0.5428571428571428,0.501779359430605,0.48148148148148145,0.49812734082397003,0.45454545454545453,0.4975845410628019,0.5106382978723404
NN,3,65,0.26666666666666666,0.501187648456057,0.43448275862068964,0.5098039215686274,0.4351464435146444,0.5424528301886793,0.5088967971530249,0.45045045045045046,0.49236641221374045,0.5035971223021583,0.5141509433962265,0.5
NN,3,66,0.28205128205128205,0.5048543689320388,0.4,0.5304054054054054,0.42213114754098363,0.5603864734299517,0.5036496350364964,0.47368421052631576,0.5019157088122606,0.45985401459854014,0.495,0.5486111111111112
NN,3,67,0.28125,0.5011933174224343,0.4503311258278146,0.5033333333333333,0.44813278008298757,0.5285714285714286,0.49466192170818507,0.48598130841121495,0.4849624060150376,0.5,0.5,0.5102040816326531
NN,3,68,0.3055555555555556,0.5012048192771085,0.43243243243243246,0.5115511551155115,0.43673469387755104,0.5436893203883495,0.5126353790613718,0.45454545454545453,0.49429657794676807,0.5036496350364964,0.507537688442211,0.5067567567567568
NN,3,69,0.32142857142857145,0.49645390070921985,0.4357142857142857,0.5080385852090032,0.42857142857142855,0.5454545454545454,0.5051546391752577,0.45544554455445546,0.5037037037037037,0.4566929133858268,0.4855769230769231,0.524822695035461
NN,3,70,0.3157894736842105,0.5012106537530266,0.4236111111111111,0.5146579804560261,0.4334763948497854,0.5412844036697247,0.5052631578947369,0.45794392523364486,0.4924812030075188,0.4852941176470588,0.5097087378640777,0.5136986301369864
NN,3,71,0.28125,0.5011933174224343,0.43137254901960786,0.5134228187919463,0.4314516129032258,0.5517241379310345,0.5091575091575091,0.4745762711864407,0.4980694980694981,0.46853146853146854,0.5175879396984925,0.4931506849315068
NN,3,72,0.2647058823529412,0.5035971223021583,0.43448275862068964,0.5098039215686274,0.4434782608695652,0.5294117647058824,0.508833922261484,0.46017699115044247,0.5,0.4714285714285714,0.4975124378109453,0.5140845070422535
NN,3,73,0.30303030303030304,0.5,0.44594594594594594,0.504950495049505,0.4327731092436975,0.5446009389671361,0.506993006993007,0.47572815533980584,0.49818181818181817,0.4732824427480916,0.5,0.5102040816326531
NN,3,74,0.3055555555555556,0.5012048192771085,0.4166666666666667,0.5179153094462541,0.42323651452282157,0.5571428571428572,0.5017543859649123,0.5,0.5,0.45864661654135336,0.5118483412322274,0.5319148936170213
NN,3,75,0.27586206896551724,0.5,0.43661971830985913,0.5080906148867314,0.41630901287553645,0.5596330275229358,0.5035971223021583,0.4732142857142857,0.4927007299270073,0.4603174603174603,0.5,0.5273972602739726
NN,3,76,0.2702702702702703,0.5048309178743962,0.4304635761589404,0.5133333333333333,0.4214876033057851,0.5598086124401914,0.5072992700729927,0.47368421052631576,0.4904214559386973,0.4855072463768116,0.5023923444976076,0.524822695035461
NN,3,77,0.3055555555555556,0.5012048192771085,0.4482758620689655,0.5032679738562091,0.4342629482071713,0.55,0.4928571428571429,0.5,0.49809885931558934,0.4740740740740741,0.48792270531400966,0.5070422535211268
NN,3,78,0.2647058823529412,0.5035971223021583,0.4178082191780822,0.5180327868852459,0.4149377593360996,0.5666666666666667,0.5140845070422535,0.44660194174757284,0.5111940298507462,0.4626865671641791,0.5,0.5
NN,3,79,0.25806451612903225,0.5023809523809524,0.43609022556390975,0.5062893081761006,0.4391304347826087,0.5339366515837104,0.5087719298245614,0.4774774774774775,0.4852941176470588,0.4883720930232558,0.5048543689320388,0.5211267605633803
NN,3,80,0.3793103448275862,0.4928909952606635,0.45390070921985815,0.5,0.44871794871794873,0.5253456221198156,0.4981949458483754,0.4727272727272727,0.48028673835125446,0.4921875,0.49,0.5342465753424658
NN,3,81,0.3448275862068966,0.495260663507109,0.4305555555555556,0.511400651465798,0.43983402489626555,0.5380952380952381,0.4858156028368794,0.4954128440366973,0.48717948717948717,0.46511627906976744,0.505,0.5069444444444444
NN,3,82,0.29411764705882354,0.5011990407673861,0.42857142857142855,0.5112540192926045,0.4426229508196721,0.5362318840579711,0.5018050541516246,0.47368421052631576,0.4774436090225564,0.4925373134328358,0.5,0.5179856115107914
NN,3,83,0.3235294117647059,0.4988009592326139,0.4413793103448276,0.5065359477124183,0.43621399176954734,0.5432692307692307,0.4858156028368794,0.4954128440366973,0.48314606741573035,0.5153846153846153,0.4854368932038835,0.5273972602739726
NN,3,84,0.21428571428571427,0.5035460992907801,0.4748201438848921,0.49038461538461536,0.44017094017094016,0.5345622119815668,0.49823321554770317,0.47706422018348627,0.4870848708487085,0.4806201550387597,0.49748743718592964,0.5102040816326531
NN,3,85,0.29411764705882354,0.5011990407673861,0.42953020134228187,0.5132450331125827,0.44537815126050423,0.5305164319248826,0.5017543859649123,0.4803921568627451,0.4907749077490775,0.4728682170542636,0.4951923076923077,0.5102040816326531
NN,3,86,0.34210526315789475,0.49878934624697335,0.4041095890410959,0.5245901639344263,0.4449152542372881,0.5302325581395348,0.5090252707581228,0.46788990825688076,0.48507462686567165,0.47692307692307695,0.4852941176470588,0.5238095238095238
NN,3,87,0.36363636363636365,0.49521531100478466,0.44755244755244755,0.5032467532467533,0.4351464435146444,0.5424528301886793,0.5071428571428571,0.46551724137931033,0.4868913857677903,0.4740740740740741,0.5192307692307693,0.5238095238095238
NN,3,88,0.3125,0.4988066825775656,0.45695364238410596,0.5,0.45188284518828453,0.5235849056603774,0.5054151624548736,0.4778761061946903,0.4734848484848485,0.4925373134328358,0.5,0.5208333333333334
NN,3,89,0.2894736842105263,0.5036319612590799,0.42857142857142855,0.5131578947368421,0.425,0.5545023696682464,0.5138888888888888,0.44,0.5074074074074074,0.45185185185185184,0.49528301886792453,0.5182481751824818
NN,3,90,0.2777777777777778,0.5036144578313253,0.44594594594594594,0.504950495049505,0.4334763948497854,0.5412844036697247,0.4927536231884058,0.509090909090909,0.4924812030075188,0.48872180451127817,0.5024630541871922,0.5102040816326531
NN,3,91,0.3333333333333333,0.4987951807228916,0.4195804195804196,0.5162337662337663,0.4256198347107438,0.5550239234449761,0.5140845070422535,0.4519230769230769,0.5037878787878788,0.45985401459854014,0.4898989898989899,0.5342465753424658
NN,3,92,0.2647058823529412,0.5035971223021583,0.42953020134228187,0.5132450331125827,0.4449152542372881,0.5302325581395348,0.49823321554770317,0.48672566371681414,0.4852941176470588,0.4921875,0.49489795918367346,0.5034965034965035
NN,3,93,0.3103448275862069,0.4976303317535545,0.4405594405594406,0.5064935064935064,0.4322033898305085,0.5441860465116279,0.4982456140350877,0.4672897196261682,0.4870848708487085,0.4925373134328358,0.47715736040609136,0.5238095238095238
NN,3,94,0.23333333333333334,0.503562945368171,0.42758620689655175,0.5130718954248366,0.4248927038626609,0.5504587155963303,0.5104166666666666,0.46534653465346537,0.5092936802973977,0.43703703703703706,0.5048076923076923,0.524822695035461
NN,3,95,0.3157894736842105,0.5012106537530266,0.4429530201342282,0.5066225165562914,0.44635193133047213,0.5275229357798165,0.4982078853046595,0.4766355140186916,0.4924812030075188,0.47368421052631576,0.49748743718592964,0.527027027027027
NN,3,96,0.3076923076923077,0.5024271844660194,0.43537414965986393,0.5098684210526315,0.44155844155844154,0.5318181818181819,0.4927007299270073,0.5087719298245614,0.5073529411764706,0.46153846153846156,0.49504950495049505,0.5234899328859061
NN,3,97,0.3125,0.4988066825775656,0.4178082191780822,0.5180327868852459,0.43983402489626555,0.5380952380952381,0.5109489051094891,0.46788990825688076,0.49615384615384617,0.475177304964539,0.4824120603015075,0.5306122448979592
NN,3,98,0.3103448275862069,0.4976303317535545,0.4305555555555556,0.511400651465798,0.42436974789915966,0.5539906103286385,0.4929078014184397,0.4954954954954955,0.48091603053435117,0.4852941176470588,0.48514851485148514,0.54
NN,3,99,0.2894736842105263,0.5036319612590799,0.42953020134228187,0.5132450331125827,0.44715447154471544,0.5317073170731708,0.5182481751824818,0.44642857142857145,0.48659003831417624,0.48951048951048953,0.49238578680203043,0.5067567567567568
NN,4,0,0.5833333333333334,0.4839506172839506,0.5352112676056338,0.47157190635451507,0.5,0.48325358851674644,0.4858156028368794,0.43137254901960786,0.5093632958801498,0.46616541353383456,0.5364583333333334,0.4482758620689655
NN,4,1,0.5454545454545454,0.4877450980392157,0.49645390070921985,0.49,0.48917748917748916,0.49523809523809526,0.47703180212014135,0.49019607843137253,0.5151515151515151,0.4453125,0.5255102040816326,0.45
NN,4,2,0.5945945945945946,0.48267326732673266,0.5306122448979592,0.47278911564625853,0.4769874476987448,0.5099009900990099,0.47619047619047616,0.44660194174757284,0.5175097276264592,0.4461538461538462,0.48743718592964824,0.48226950354609927
NN,4,3,0.5555555555555556,0.48641975308641977,0.5337837837837838,0.4709897610921502,0.5084033613445378,0.4729064039408867,0.48175182481751827,0.42857142857142855,0.5077519379844961,0.44285714285714284,0.5326633165829145,0.4552238805970149
NN,4,4,0.59375,0.4841075794621027,0.5507246376811594,0.46534653465346537,0.49557522123893805,0.4883720930232558,0.48214285714285715,0.4326923076923077,0.49814126394052044,0.4838709677419355,0.5,0.4930555555555556
NN,4,5,0.6060606060606061,0.48284313725490197,0.54421768707483,0.46598639455782315,0.49583333333333335,0.48756218905472637,0.47232472324723246,0.44761904761904764,0.5118110236220472,0.4696969696969697,0.5145631067961165,0.47368421052631576
NN,4,6,0.5517241379310345,0.4878640776699029,0.5,0.4884488448844885,0.4782608695652174,0.5071090047393365,0.48518518518518516,0.4594594594594595,0.5077519379844961,0.4626865671641791,0.5303030303030303,0.4642857142857143
NN,4,7,0.5757575757575758,0.4852941176470588,0.5214285714285715,0.47840531561461797,0.4801762114537445,0.5046728971962616,0.4945054945054945,0.41904761904761906,0.5303030303030303,0.44274809160305345,0.5097087378640777,0.4740740740740741
NN,4,8,0.6176470588235294,0.48157248157248156,0.5467625899280576,0.46688741721854304,0.5063829787234042,0.47572815533980584,0.4740740740740741,0.44642857142857145,0.4980237154150198,0.4744525547445255,0.5196078431372549,0.45
NN,4,9,0.5517241379310345,0.4878640776699029,0.5294117647058824,0.47540983606557374,0.48497854077253216,0.5,0.48363636363636364,0.45794392523364486,0.5175097276264592,0.4485294117647059,0.5204081632653061,0.4647887323943662
NN,4,10,0.5454545454545454,0.4877450980392157,0.5277777777777778,0.47474747474747475,0.4957983193277311,0.4876847290640394,0.49097472924187724,0.4205607476635514,0.5116279069767442,0.4732824427480916,0.5148514851485149,0.4647887323943662
NN,4,11,0.5806451612903226,0.4853658536585366,0.5563380281690141,0.46153846153846156,0.4936708860759494,0.49019607843137253,0.4925925925925926,0.41818181818181815,0.5138339920948617,0.47058823529411764,0.5151515151515151,0.45588235294117646
NN,4,12,0.53125,0.4889975550122249,0.5165562913907285,0.4793103448275862,0.5021097046413502,0.4803921568627451,0.4731182795698925,0.4666666666666667,0.5097276264591439,0.45454545454545453,0.5099009900990099,0.48120300751879697
NN,4,13,0.5757575757575758,0.4852941176470588,0.5205479452054794,0.47796610169491527,0.48535564853556484,0.5,0.48363636363636364,0.4519230769230769,0.5057034220532319,0.48872180451127817,0.5175879396984925,0.45774647887323944
NN,4,14,0.5833333333333334,0.4839506172839506,0.5347222222222222,0.4713804713804714,0.49159663865546216,0.49261083743842365,0.48175182481751827,0.42857142857142855,0.49609375,0.48484848484848486,0.5153061224489796,0.4791666666666667
NN,4,15,0.5454545454545454,0.4877450980392157,0.4892086330935252,0.49337748344370863,0.4872881355932203,0.4975609756097561,0.4835164835164835,0.42857142857142855,0.5079365079365079,0.4748201438848921,0.5181347150259067,0.4722222222222222
NN,4,16,0.5945945945945946,0.48267326732673266,0.5135135135135135,0.4812286689419795,0.5084745762711864,0.47317073170731705,0.48175182481751827,0.4519230769230769,0.5019455252918288,0.46616541353383456,0.5181347150259067,0.463768115942029
NN,4,17,0.6111111111111112,0.48148148148148145,0.5306122448979592,0.47278911564625853,0.5041666666666667,0.47761194029850745,0.47601476014760147,0.4375,0.5,0.463768115942029,0.5148514851485149,0.4782608695652174
NN,4,18,0.6129032258064516,0.48292682926829267,0.5220588235294118,0.4786885245901639,0.4847161572052402,0.5,0.49466192170818507,0.38,0.5207547169811321,0.4222222222222222,0.5230769230769231,0.4652777777777778
NN,4,19,0.6060606060606061,0.48284313725490197,0.5514705882352942,0.46557377049180326,0.4875,0.4975124378109453,0.48,0.4174757281553398,0.5113636363636364,0.4580152671755725,0.5185185185185185,0.47586206896551725
NN,4,20,0.5757575757575758,0.4852941176470588,0.5106382978723404,0.48333333333333334,0.4889867841409692,0.4953271028037383,0.48014440433212996,0.4351851851851852,0.5113636363636364,0.453125,0.5287958115183246,0.46258503401360546
NN,4,21,0.6071428571428571,0.48426150121065376,0.5,0.4884488448844885,0.4956140350877193,0.48826291079812206,0.48375451263537905,0.44545454545454544,0.5192307692307693,0.4263565891472868,0.5048543689320388,0.47058823529411764
NN,4,22,0.6,0.48418491484184917,0.5428571428571428,0.4684385382059801,0.4915254237288136,0.4926829268292683,0.4731182795698925,0.4537037037037037,0.5097276264591439,0.45588235294117646,0.5025125628140703,0.47101449275362317
NN,4,23,0.6206896551724138,0.4830097087378641,0.5149253731343284,0.4820846905537459,0.4765957446808511,0.5097087378640777,0.48727272727272725,0.4351851851851852,0.4942084942084942,0.4740740740740741,0.5445026178010471,0.4507042253521127
NN,4,24,0.6451612903225806,0.48048780487804876,0.5379310344827586,0.46959459459459457,0.49122807017543857,0.49295774647887325,0.4928571428571429,0.4215686274509804,0.5137254901960784,0.4626865671641791,0.5177664974619289,0.46153846153846156
NN,4,25,0.625,0.48166259168704156,0.539568345323741,0.47019867549668876,0.4896265560165975,0.495,0.48698884758364314,0.42201834862385323,0.515748031496063,0.44525547445255476,0.5177664974619289,0.4726027397260274
NN,4,26,0.5882352941176471,0.48402948402948404,0.528169014084507,0.47491638795986624,0.5082644628099173,0.4723618090452261,0.4788732394366197,0.45098039215686275,0.5037878787878788,0.46153846153846156,0.5221674876847291,0.4513888888888889
NN,4,27,0.6285714285714286,0.4802955665024631,0.5205479452054794,0.47796610169491527,0.5274261603375527,0.45098039215686275,0.4835164835164835,0.42574257425742573,0.5095785440613027,0.4444444444444444,0.5073891625615764,0.49612403100775193
NN,4,28,0.5862068965517241,0.4854368932038835,0.5352112676056338,0.47157190635451507,0.49783549783549785,0.4857142857142857,0.4854014598540146,0.4392523364485981,0.5076923076923077,0.46715328467153283,0.527363184079602,0.4744525547445255
NN,4,29,0.6176470588235294,0.48157248157248156,0.5347222222222222,0.4713804713804714,0.5,0.4827586206896552,0.4673913043478261,0.46226415094339623,0.5039370078740157,0.46808510638297873,0.5230769230769231,0.4460431654676259
NN,4,30,0.6060606060606061,0.48284313725490197,0.5454545454545454,0.4664429530201342,0.4978165938864629,0.4858490566037736,0.47794117647058826,0.4326923076923077,0.49242424242424243,0.47244094488188976,0.5051020408163265,0.4930555555555556
NN,4,31,0.5588235294117647,0.4864864864864865,0.5251798561151079,0.4768211920529801,0.4798206278026906,0.5045871559633027,0.49063670411985016,0.4247787610619469,0.5252918287937743,0.4076923076923077,0.49746192893401014,0.48175182481751827
NN,4,32,0.5294117647058824,0.48894348894348894,0.5182481751824818,0.48026315789473684,0.4759825327510917,0.5094339622641509,0.505338078291815,0.42452830188679247,0.5075757575757576,0.453125,0.5376884422110553,0.4444444444444444
NN,4,33,0.5806451612903226,0.4853658536585366,0.5328467153284672,0.47368421052631576,0.48695652173913045,0.4976303317535545,0.49642857142857144,0.4230769230769231,0.51171875,0.45652173913043476,0.5408163265306123,0.4383561643835616
NN,4,34,0.59375,0.4841075794621027,0.5109489051094891,0.48355263157894735,0.48484848484848486,0.5,0.48014440433212996,0.46296296296296297,0.5,0.47244094488188976,0.5097087378640777,0.48148148148148145
NN,4,35,0.6,0.4827586206896552,0.49635036496350365,0.4901315789473684,0.5,0.4834123222748815,0.47101449275362317,0.4672897196261682,0.5,0.46564885496183206,0.5276381909547738,0.460431654676259
NN,4,36,0.6,0.48418491484184917,0.5492957746478874,0.46488294314381273,0.4827586206896552,0.5023923444976076,0.47794117647058826,0.4166666666666667,0.5078125,0.45454545454545453,0.5025641025641026,0.4930555555555556
NN,4,37,0.6129032258064516,0.48292682926829267,0.5072463768115942,0.48514851485148514,0.4851063829787234,0.5,0.49097472924187724,0.46226415094339623,0.5234375,0.44776119402985076,0.5177664974619289,0.4785714285714286
NN,4,38,0.625,0.48166259168704156,0.5103448275862069,0.4831081081081081,0.4658119658119658,0.5217391304347826,0.4907749077490775,0.43243243243243246,0.5056179775280899,0.48031496062992124,0.5177664974619289,0.4397163120567376
NN,4,39,0.53125,0.4889975550122249,0.5,0.4885245901639344,0.5065502183406113,0.47641509433962265,0.4859154929577465,0.46078431372549017,0.5263157894736842,0.4318181818181818,0.5353535353535354,0.45588235294117646
NN,4,40,0.5882352941176471,0.48402948402948404,0.5510204081632653,0.46258503401360546,0.5,0.48325358851674644,0.48028673835125446,0.4368932038834951,0.5115384615384615,0.4701492537313433,0.5202020202020202,0.4513888888888889
NN,4,41,0.6206896551724138,0.4830097087378641,0.5524475524475524,0.46308724832214765,0.4824561403508772,0.5023474178403756,0.4727272727272727,0.46226415094339623,0.4980392156862745,0.4666666666666667,0.5,0.4647887323943662
NN,4,42,0.5428571428571428,0.4876847290640394,0.5244755244755245,0.47651006711409394,0.4956896551724138,0.4880382775119617,0.4874551971326165,0.4519230769230769,0.5076335877862596,0.45112781954887216,0.5202020202020202,0.475177304964539
NN,4,43,0.6176470588235294,0.48157248157248156,0.5106382978723404,0.48333333333333334,0.4870689655172414,0.49760765550239233,0.4744525547445255,0.4519230769230769,0.5133079847908745,0.44274809160305345,0.520618556701031,0.46206896551724136
NN,4,44,0.5625,0.48655256723716384,0.5422535211267606,0.4682274247491639,0.5,0.48292682926829267,0.483271375464684,0.4351851851851852,0.51953125,0.4666666666666667,0.505,0.4557823129251701
NN,4,45,0.6470588235294118,0.47911547911547914,0.5472972972972973,0.4641638225255973,0.5042016806722689,0.47783251231527096,0.4727272727272727,0.47572815533980584,0.5136186770428015,0.45185185185185184,0.5175879396984925,0.43884892086330934
NN,4,46,0.5588235294117647,0.4864864864864865,0.5378787878787878,0.47249190938511326,0.49557522123893805,0.4883720930232558,0.4840989399293286,0.4411764705882353,0.5018450184501845,0.4838709677419355,0.520618556701031,0.46853146853146854
NN,4,47,0.5428571428571428,0.4876847290640394,0.5273972602739726,0.4745762711864407,0.4827586206896552,0.5023923444976076,0.475,0.46464646464646464,0.5236220472440944,0.42105263157894735,0.5147058823529411,0.49264705882352944
NN,4,48,0.5588235294117647,0.4864864864864865,0.5337837837837838,0.4709897610921502,0.49361702127659574,0.49029126213592233,0.4782608695652174,0.4368932038834951,0.5077519379844961,0.45925925925925926,0.5260416666666666,0.47619047619047616
NN,4,49,0.6206896551724138,0.4830097087378641,0.5289855072463768,0.4752475247524752,0.5,0.4830917874396135,0.48375451263537905,0.4528301886792453,0.5114503816793893,0.44360902255639095,0.5226130653266332,0.4642857142857143
NN,4,50,0.6388888888888888,0.47901234567901235,0.5328467153284672,0.47368421052631576,0.5,0.48325358851674644,0.48363636363636364,0.43636363636363634,0.5152671755725191,0.44274809160305345,0.529126213592233,0.45454545454545453
NN,4,51,0.6052631578947368,0.4813895781637717,0.5251798561151079,0.4768211920529801,0.4956896551724138,0.4880382775119617,0.4854014598540146,0.40384615384615385,0.5210727969348659,0.4418604651162791,0.5333333333333333,0.45864661654135336
NN,4,52,0.5714285714285714,0.4852216748768473,0.5454545454545454,0.4664429530201342,0.49356223175965663,0.49038461538461536,0.48880597014925375,0.42342342342342343,0.5057915057915058,0.46616541353383456,0.5102040816326531,0.4744525547445255
NN,4,53,0.5806451612903226,0.4853658536585366,0.5362318840579711,0.47194719471947194,0.48695652173913045,0.4976303317535545,0.48188405797101447,0.4230769230769231,0.5019455252918288,0.48091603053435117,0.515,0.4594594594594595
NN,4,54,0.5675675675675675,0.48514851485148514,0.5289855072463768,0.4752475247524752,0.4808510638297872,0.5048543689320388,0.48928571428571427,0.422680412371134,0.5209125475285171,0.45112781954887216,0.520618556701031,0.4657534246575342
NN,4,55,0.6333333333333333,0.48175182481751827,0.539568345323741,0.47019867549668876,0.49166666666666664,0.4925373134328358,0.4697508896797153,0.46788990825688076,0.5075187969924813,0.45161290322580644,0.5047619047619047,0.4857142857142857
NN,4,56,0.625,0.48166259168704156,0.5434782608695652,0.46864686468646866,0.4978723404255319,0.4854368932038835,0.47703180212014135,0.47474747474747475,0.4904214559386973,0.4701492537313433,0.525,0.4701492537313433
NN,4,57,0.5789473684210527,0.4838709677419355,0.5208333333333334,0.4781144781144781,0.4854771784232365,0.5,0.4907749077490775,0.43119266055045874,0.5155038759689923,0.45925925925925926,0.5384615384615384,0.4460431654676259
NN,4,58,0.5454545454545454,0.4877450980392157,0.5138888888888888,0.48148148148148145,0.49783549783549785,0.4857142857142857,0.4927007299270073,0.4351851851851852,0.5057471264367817,0.45038167938931295,0.5369458128078818,0.43478260869565216
NN,4,59,0.6111111111111112,0.48148148148148145,0.518796992481203,0.4805194805194805,0.48936170212765956,0.49514563106796117,0.47686832740213525,0.46153846153846156,0.518796992481203,0.4621212121212121,0.5213270142180095,0.4666666666666667
NN,4,60,0.5666666666666667,0.48661800486618007,0.5142857142857142,0.48172757475083056,0.49557522123893805,0.4883720930232558,0.48928571428571427,0.4368932038834951,0.5037878787878788,0.4806201550387597,0.5219512195121951,0.4632352941176471
NN,4,61,0.5666666666666667,0.48661800486618007,0.5211267605633803,0.4782608695652174,0.4810126582278481,0.5049019607843137,0.4784172661870504,0.4716981132075472,0.51171875,0.44360902255639095,0.525,0.45255474452554745
NN,4,62,0.5714285714285714,0.4852216748768473,0.5241379310344828,0.47635135135135137,0.47717842323651455,0.51,0.4810606060606061,0.45217391304347826,0.5215686274509804,0.4393939393939394,0.5,0.46153846153846156
NN,4,63,0.5588235294117647,0.4864864864864865,0.5104895104895105,0.48322147651006714,0.48717948717948717,0.4975845410628019,0.49635036496350365,0.4230769230769231,0.5078740157480315,0.4485294117647059,0.5401069518716578,0.46206896551724136
NN,4,64,0.5161290322580645,0.4902439024390244,0.5177304964539007,0.48,0.48936170212765956,0.49514563106796117,0.4854014598540146,0.42201834862385323,0.5,0.46153846153846156,0.5412371134020618,0.4413793103448276
NN,4,65,0.5714285714285714,0.4852216748768473,0.5182481751824818,0.48026315789473684,0.4857142857142857,0.5,0.48928571428571427,0.42574257425742573,0.5095057034220533,0.46153846153846156,0.525,0.45652173913043476
NN,4,66,0.6176470588235294,0.48157248157248156,0.5507246376811594,0.46534653465346537,0.48535564853556484,0.5,0.4767025089605735,0.45714285714285713,0.5097276264591439,0.4632352941176471,0.5024390243902439,0.45714285714285713
NN,4,67,0.5588235294117647,0.4864864864864865,0.5294117647058824,0.47540983606557374,0.4889867841409692,0.4953271028037383,0.4874551971326165,0.44761904761904764,0.5,0.48484848484848486,0.5126903553299492,0.46853146853146854
NN,4,68,0.5151515151515151,0.49019607843137253,0.5072463768115942,0.48514851485148514,0.48535564853556484,0.5,0.49640287769784175,0.4117647058823529,0.5175097276264592,0.4626865671641791,0.5326633165829145,0.4485294117647059
NN,4,69,0.6363636363636364,0.4803921568627451,0.5547445255474452,0.46381578947368424,0.5109170305676856,0.4716981132075472,0.47388059701492535,0.4434782608695652,0.5093632958801498,0.4566929133858268,0.5153061224489796,0.4642857142857143
NN,4,70,0.6060606060606061,0.48284313725490197,0.5104895104895105,0.48322147651006714,0.4957983193277311,0.4876847290640394,0.48161764705882354,0.4411764705882353,0.5215686274509804,0.43703703703703706,0.5353535353535354,0.4689655172413793
NN,4,71,0.5757575757575758,0.4852941176470588,0.5177304964539007,0.48,0.49137931034482757,0.49282296650717705,0.4854014598540146,0.4205607476635514,0.5095057034220533,0.45925925925925926,0.5124378109452736,0.47058823529411764
NN,4,72,0.5405405405405406,0.4876237623762376,0.5144927536231884,0.48184818481848185,0.48068669527896996,0.5048076923076923,0.49097472924187724,0.4368932038834951,0.5098039215686274,0.47368421052631576,0.5343137254901961,0.45
NN,4,73,0.6060606060606061,0.48284313725490197,0.5165562913907285,0.4793103448275862,0.49166666666666664,0.4925373134328358,0.4909090909090909,0.4205607476635514,0.4979919678714859,0.48201438848920863,0.515625,0.45454545454545453
NN,4,74,0.6388888888888888,0.47901234567901235,0.5323741007194245,0.4735099337748344,0.4977578475336323,0.48623853211009177,0.498220640569395,0.42574257425742573,0.5074074074074074,0.464,0.5435897435897435,0.42962962962962964
NN,4,75,0.6363636363636364,0.4803921568627451,0.5314685314685315,0.47315436241610737,0.4956521739130435,0.4881516587677725,0.48214285714285715,0.44761904761904764,0.5057915057915058,0.45864661654135336,0.5126903553299492,0.4489795918367347
NN,4,76,0.5588235294117647,0.4864864864864865,0.5106382978723404,0.48333333333333334,0.49356223175965663,0.49038461538461536,0.4797047970479705,0.45132743362831856,0.5137254901960784,0.4420289855072464,0.518324607329843,0.4647887323943662
NN,4,77,0.5714285714285714,0.4852216748768473,0.5241379310344828,0.47635135135135137,0.49356223175965663,0.49038461538461536,0.4945054945054945,0.42592592592592593,0.5209125475285171,0.43410852713178294,0.5297029702970297,0.45112781954887216
NN,4,78,0.5555555555555556,0.48792270531400966,0.5373134328358209,0.4723127035830619,0.4805194805194805,0.5047619047619047,0.4791666666666667,0.45544554455445546,0.5172413793103449,0.4318181818181818,0.5098039215686274,0.45255474452554745
NN,4,79,0.6060606060606061,0.48284313725490197,0.5347222222222222,0.4713804713804714,0.502092050209205,0.4801980198019802,0.47619047619047616,0.44339622641509435,0.4980694980694981,0.5,0.5198019801980198,0.45925925925925926
NN,4,80,0.6486486486486487,0.4777227722772277,0.5144927536231884,0.48184818481848185,0.49137931034482757,0.49282296650717705,0.47601476014760147,0.4351851851851852,0.5172413793103449,0.45038167938931295,0.5125628140703518,0.48201438848920863
NN,4,81,0.5789473684210527,0.4838709677419355,0.5238095238095238,0.47619047619047616,0.4979253112033195,0.485,0.48905109489051096,0.4019607843137255,0.5059288537549407,0.4744525547445255,0.520618556701031,0.46099290780141844
NN,4,82,0.5945945945945946,0.48267326732673266,0.5099337748344371,0.4827586206896552,0.49583333333333335,0.48756218905472637,0.4742647058823529,0.4392523364485981,0.5134099616858238,0.44696969696969696,0.5208333333333334,0.4657534246575342
NN,4,83,0.4838709677419355,0.4926829268292683,0.5109489051094891,0.48355263157894735,0.4956896551724138,0.4880382775119617,0.4874551971326165,0.4368932038834951,0.5137254901960784,0.44680851063829785,0.5384615384615384,0.4452054794520548
NN,4,84,0.5151515151515151,0.49019607843137253,0.5374149659863946,0.46938775510204084,0.5043859649122807,0.4788732394366197,0.4618181818181818,0.4864864864864865,0.5094339622641509,0.43846153846153846,0.5198019801980198,0.4642857142857143
NN,4,85,0.6206896551724138,0.4830097087378641,0.5454545454545454,0.4664429530201342,0.5021459227467812,0.4807692307692308,0.4729241877256318,0.45714285714285713,0.5201612903225806,0.4397163120567376,0.5124378109452736,0.4855072463768116
NN,4,86,0.696969696969697,0.47549019607843135,0.5352112676056338,0.47157190635451507,0.4957627118644068,0.4878048780487805,0.47232472324723246,0.42857142857142855,0.5223880597014925,0.4375,0.5123152709359606,0.48175182481751827
NN,4,87,0.6333333333333333,0.48175182481751827,0.5277777777777778,0.47474747474747475,0.4892703862660944,0.4951923076923077,0.483271375464684,0.43478260869565216,0.5118110236220472,0.45255474452554745,0.5230769230769231,0.47183098591549294
NN,4,88,0.5714285714285714,0.4852216748768473,0.5170068027210885,0.47959183673469385,0.4830508474576271,0.5024390243902439,0.4855072463768116,0.4339622641509434,0.5136186770428015,0.4318181818181818,0.5198019801980198,0.4583333333333333
NN,4,89,0.5757575757575758,0.4852941176470588,0.5238095238095238,0.47619047619047616,0.4895397489539749,0.49504950495049505,0.48175182481751827,0.4537037037037037,0.5078740157480315,0.46715328467153283,0.507537688442211,0.45985401459854014
NN,4,90,0.6071428571428571,0.48426150121065376,0.5441176470588235,0.46885245901639344,0.4915254237288136,0.4926829268292683,0.48188405797101447,0.46226415094339623,0.4980544747081712,0.48120300751879697,0.51,0.46808510638297873
NN,4,91,0.5428571428571428,0.4876847290640394,0.5067567567567568,0.48464163822525597,0.48333333333333334,0.5024875621890548,0.4925925925925926,0.42990654205607476,0.5096525096525096,0.4645669291338583,0.5357142857142857,0.45390070921985815
NN,4,92,0.6,0.4827586206896552,0.5454545454545454,0.4692556634304207,0.5021834061135371,0.4811320754716981,0.48736462093862815,0.4380952380952381,0.5113636363636364,0.46153846153846156,0.5323383084577115,0.460431654676259
NN,4,93,0.5882352941176471,0.48402948402948404,0.5314685314685315,0.47315436241610737,0.4721030042918455,0.5144230769230769,0.4708029197080292,0.46788990825688076,0.5077519379844961,0.4744525547445255,0.5073891625615764,0.47794117647058826
NN,4,94,0.5757575757575758,0.4852941176470588,0.496551724137931,0.48986486486486486,0.4782608695652174,0.5071090047393365,0.4742647058823529,0.4811320754716981,0.5217391304347826,0.44776119402985076,0.5153061224489796,0.4714285714285714
NN,4,95,0.6666666666666666,0.4793187347931874,0.5522388059701493,0.46579804560260585,0.5043103448275862,0.4784688995215311,0.4874551971326165,0.4215686274509804,0.5133079847908745,0.4580152671755725,0.5096153846153846,0.4927536231884058
NN,4,96,0.6111111111111112,0.48148148148148145,0.5138888888888888,0.48148148148148145,0.48523206751054854,0.5,0.47619047619047616,0.44036697247706424,0.5,0.47794117647058826,0.5151515151515151,0.46808510638297873
NN,4,97,0.5833333333333334,0.4839506172839506,0.5314685314685315,0.47315436241610737,0.49145299145299143,0.4927536231884058,0.4744525547445255,0.4766355140186916,0.4921259842519685,0.48872180451127817,0.5147058823529411,0.47101449275362317
NN,4,98,0.5517241379310345,0.4878640776699029,0.5177304964539007,0.48,0.4711111111111111,0.5138888888888888,0.4729241877256318,0.47572815533980584,0.5114503816793893,0.46564885496183206,0.5121951219512195,0.46099290780141844
NN,4,99,0.5454545454545454,0.4877450980392157,0.5142857142857142,0.48172757475083056,0.48523206751054854,0.5,0.48201438848920863,0.45454545454545453,0.5098814229249012,0.45323741007194246,0.5159574468085106,0.46308724832214765
